,code,name,eps,eps_yoy,bvps,roe,epcf,net_profits,profits_yoy,distrib,report_date
0,601688,华泰证券,,,,,,-14302.29,,,09-06
1,601166,兴业银行,,,2.67,,-3.75,59366.07,,,03-27
2,000035,中国天楹,,,-10.89,,,-329.82,-131.14,,08-15
3,600635,大众公用,,,3.11,,,2504.36,-2.18,,06-30
4,000596,古井贡酒,,,3.78,,,-1516.32,-264.26,,06-30
5,000620,新华联,,,0.31,,,-5802.1,-3239.57,,06-22
6,600159,大龙地产,,,0.88,,,-521.41,-73.17,,04-30
7,000719,大地传媒,,,2.19,,,35.96,-84.44,,04-30
8,000529,广弘控股,,,-0.16,,,-3824.18,-5446.51,,04-30
9,600988,赤峰黄金,,,3.57,,,-283.51,-399.24,,04-30
10,600136,当代明诚,,,0.13,,,-877.07,81.35,,04-30
11,000156,华数传媒,,,1.58,,,-555.56,-237.32,,04-30
12,600259,广晟有色,,,1.52,,,-3811.78,-20022.2,,04-30
13,002038,双鹭药业,,,4.27,,,640.37,,,04-30
14,600307,酒钢宏兴,,,5.06,,,22218.76,0.86,,04-30
15,600359,新农开发,,,3.68,,,1479.23,-58.1,,04-30
16,600634,中技控股,,,2.31,,,487.09,-225.88,,04-30
17,000615,京汉股份,,,4.3,,,37.35,-97.0,,04-30
18,600369,西南证券,,,2.22,,,-1696.42,-8.36,,04-30
19,600617,国新能源,,,0.09,,,114.18,-115.55,,04-30
20,600654,中安消,,,1.96,,,874.56,9.19,,04-30
21,600678,四川金顶,,,1.43,,,65.54,-68.33,,04-30
22,600825,新华传媒,,,4.61,,,572.6,-6.46,,04-30
23,600175,美都能源,,,4.42,,,337.28,338.58,,04-30
24,600215,长春经开,,,6.22,,,148.34,-42.78,,04-30
25,600238,海南椰岛,,,2.96,,,722.69,22.49,,04-30
26,000693,ST华泽,,,1.88,,,-2366.15,-675.4,,04-30
27,600891,秋林集团,,,1.15,,,-333.03,-78.64,,04-30
28,600234,*ST山水,,,-4.05,,,-2644.21,-1998.94,,04-30
29,600614,鹏起科技,,,0.69,,,-2050.78,-1165.65,,04-30
30,600633,浙报传媒,,,1.34,,,-330.27,-252.04,,04-30
31,000925,众合科技,,,4.04,,,118.68,17.13,,04-30
32,600077,宋都股份,,,2.31,,,66.19,-111.75,,04-30
33,600830,香溢融通,,,2.01,,,351.38,6.95,,04-30
34,000007,全新好,,,0.63,,,1434.64,-225.78,,04-30
35,600221,海南航空,,,1.98,,,1368.87,-73.59,,04-30
36,600248,延长化建,,,3.26,,,-227.59,-50.83,,04-30
37,000637,茂化实华,,,1.7,,,-2208.73,-178.67,,04-30
38,600339,*ST天利,,,2.1,,,1638.93,-26.55,,04-30
39,600862,中航高科,,,0.63,,,110.43,-120.44,,04-30
40,600652,游久游戏,,,2.04,,,1211.71,-38.36,,04-30
41,600515,海航基础,,,0.33,,,-348.8,-128.53,,04-30
42,600019,宝钢股份,,,3.59,,,307293.92,20.69,,04-30
43,002029,七匹狼,,,3.68,,,1298.92,,,04-30
44,600770,综艺股份,,,2.26,,,404.41,-31.95,,04-30
45,600085,同仁堂,,,6.14,,,7902.67,8.08,,04-30
46,600139,西部资源,,,1.45,,,-88.46,-549.5,,04-30
47,600195,中牧股份,,,2.28,,,2630.76,-34.24,,04-30
48,000100,TCL集团,,,1.98,,,-32723.34,-232.17,,04-30
49,600280,中央商场,,,4.55,,,1761.3,0.12,,04-30
50,600883,博闻科技,,,1.33,,,266.11,25.88,,04-30
51,600109,国金证券,,,2.91,,,3.99,-98.88,,04-30
52,000677,恒天海龙,,,1.72,,,1450.82,-53.17,,04-30
53,600588,用友网络,,,8.11,,,2123.28,3.68,,04-30
54,600677,航天通信,,,1.64,,,75.63,15.17,,04-30
55,000598,兴蓉环境,,,3.7,,,125.2,-77.18,,04-30
56,000638,万方发展,,,-2.55,,,19.72,-116.63,,04-30
57,600068,葛洲坝,,,4.88,,,540.02,-13.31,,04-30
58,002023,海特高新,,,5.34,,,465.76,,,04-30
59,600481,双良节能,,,3.05,,,934.52,-43.07,,04-30
60,000301,东方市场,,,2.87,,,328.68,-79.26,,04-30
61,000665,湖北广电,,,1.94,,,77.0,-85.09,,04-30
62,600699,均胜电子,,,2.44,,,128.53,-74.85,,04-30
63,600329,中新药业,,,4.41,,,2442.14,0.92,,04-30
64,600745,中茵股份,,,-0.02,,,-422.43,-2749.51,,04-30
65,600657,信达地产,,,1.52,,,-2460.39,30.9,,04-30
66,600179,安通控股,,,2.6,,,350.25,-47.24,,04-30
67,600300,维维股份,,,4.42,,,3867.28,1.4,,04-30
68,000631,顺发恒业,,,0.21,,,-1560.67,7.14,,04-30
69,600242,中昌数据,,,1.98,,,-2184.42,-2690.02,,04-30
70,600643,爱建集团,,,3.38,,,1511.02,-39.01,,04-30
71,600129,太极集团,,,3.89,,,1662.3,1.11,,04-30
72,600776,东方通信,,,3.84,,,702.38,-76.98,,04-30
73,002032,苏泊尔,,,5.03,,,1442.58,,,04-30
74,000156,华数传媒,,,1.58,,,-555.56,-237.32,,04-30
75,600259,广晟有色,,,1.52,,,-3811.78,-20022.2,,04-30
76,002038,双鹭药业,,,4.27,,,640.37,,,04-30
77,600307,酒钢宏兴,,,5.06,,,22218.76,0.86,,04-30
78,600359,新农开发,,,3.68,,,1479.23,-58.1,,04-30
79,600634,中技控股,,,2.31,,,487.09,-225.88,,04-30
80,600159,大龙地产,,,0.88,,,-521.41,-73.17,,04-30
81,000719,大地传媒,,,2.19,,,35.96,-84.44,,04-30
82,000529,广弘控股,,,-0.16,,,-3824.18,-5446.51,,04-30
83,600988,赤峰黄金,,,3.57,,,-283.51,-399.24,,04-30
84,600136,当代明诚,,,0.13,,,-877.07,81.35,,04-30
85,600215,长春经开,,,6.22,,,148.34,-42.78,,04-30
86,600238,海南椰岛,,,2.96,,,722.69,22.49,,04-30
87,000693,ST华泽,,,1.88,,,-2366.15,-675.4,,04-30
88,000615,京汉股份,,,4.3,,,37.35,-97.0,,04-30
89,600369,西南证券,,,2.22,,,-1696.42,-8.36,,04-30
90,600617,国新能源,,,0.09,,,114.18,-115.55,,04-30
91,600654,中安消,,,1.96,,,874.56,9.19,,04-30
92,600678,四川金顶,,,1.43,,,65.54,-68.33,,04-30
93,600825,新华传媒,,,4.61,,,572.6,-6.46,,04-30
94,600175,美都能源,,,4.42,,,337.28,338.58,,04-30
95,600221,海南航空,,,1.98,,,1368.87,-73.59,,04-30
96,600248,延长化建,,,3.26,,,-227.59,-50.83,,04-30
97,000637,茂化实华,,,1.7,,,-2208.73,-178.67,,04-30
98,600339,*ST天利,,,2.1,,,1638.93,-26.55,,04-30
99,600891,秋林集团,,,1.15,,,-333.03,-78.64,,04-30
100,600234,*ST山水,,,-4.05,,,-2644.21,-1998.94,,04-30
101,600614,鹏起科技,,,0.69,,,-2050.78,-1165.65,,04-30
102,600633,浙报传媒,,,1.34,,,-330.27,-252.04,,04-30
103,000925,众合科技,,,4.04,,,118.68,17.13,,04-30
104,600077,宋都股份,,,2.31,,,66.19,-111.75,,04-30
105,600830,香溢融通,,,2.01,,,351.38,6.95,,04-30
106,000007,全新好,,,0.63,,,1434.64,-225.78,,04-30
107,000100,TCL集团,,,1.98,,,-32723.34,-232.17,,04-30
108,600280,中央商场,,,4.55,,,1761.3,0.12,,04-30
109,600862,中航高科,,,0.63,,,110.43,-120.44,,04-30
110,600652,游久游戏,,,2.04,,,1211.71,-38.36,,04-30
111,600515,海航基础,,,0.33,,,-348.8,-128.53,,04-30
112,600019,宝钢股份,,,3.59,,,307293.92,20.69,,04-30
113,002029,七匹狼,,,3.68,,,1298.92,,,04-30
114,600770,综艺股份,,,2.26,,,404.41,-31.95,,04-30
115,600085,同仁堂,,,6.14,,,7902.67,8.08,,04-30
116,600139,西部资源,,,1.45,,,-88.46,-549.5,,04-30
117,600195,中牧股份,,,2.28,,,2630.76,-34.24,,04-30
118,000598,兴蓉环境,,,3.7,,,125.2,-77.18,,04-30
119,000638,万方发展,,,-2.55,,,19.72,-116.63,,04-30
120,600248,延长化建,,,3.26,,,-227.59,-50.83,,04-30
121,000637,茂化实华,,,1.7,,,-2208.73,-178.67,,04-30
122,600339,*ST天利,,,2.1,,,1638.93,-26.55,,04-30
123,600891,秋林集团,,,1.15,,,-333.03,-78.64,,04-30
124,600234,*ST山水,,,-4.05,,,-2644.21,-1998.94,,04-30
125,600614,鹏起科技,,,0.69,,,-2050.78,-1165.65,,04-30
126,600633,浙报传媒,,,1.34,,,-330.27,-252.04,,04-30
127,000925,众合科技,,,4.04,,,118.68,17.13,,04-30
128,600077,宋都股份,,,2.31,,,66.19,-111.75,,04-30
129,600830,香溢融通,,,2.01,,,351.38,6.95,,04-30
130,600195,中牧股份,,,2.28,,,2630.76,-34.24,,04-30
131,000100,TCL集团,,,1.98,,,-32723.34,-232.17,,04-30
132,600280,中央商场,,,4.55,,,1761.3,0.12,,04-30
133,600862,中航高科,,,0.63,,,110.43,-120.44,,04-30
134,600652,游久游戏,,,2.04,,,1211.71,-38.36,,04-30
135,600515,海航基础,,,0.33,,,-348.8,-128.53,,04-30
136,600019,宝钢股份,,,3.59,,,307293.92,20.69,,04-30
137,002029,七匹狼,,,3.68,,,1298.92,,,04-30
138,600770,综艺股份,,,2.26,,,404.41,-31.95,,04-30
139,600085,同仁堂,,,6.14,,,7902.67,8.08,,04-30
140,600139,西部资源,,,1.45,,,-88.46,-549.5,,04-30
141,000598,兴蓉环境,,,3.7,,,125.2,-77.18,,04-30
142,000638,万方发展,,,-2.55,,,19.72,-116.63,,04-30
143,600068,葛洲坝,,,4.88,,,540.02,-13.31,,04-30
144,600883,博闻科技,,,1.33,,,266.11,25.88,,04-30
145,600109,国金证券,,,2.91,,,3.99,-98.88,,04-30
146,000677,恒天海龙,,,1.72,,,1450.82,-53.17,,04-30
147,600588,用友网络,,,8.11,,,2123.28,3.68,,04-30
148,600677,航天通信,,,1.64,,,75.63,15.17,,04-30
149,000676,智度股份,,,1.35,,,154.46,15.14,,04-29
150,000976,春晖股份,,,2.5,,,-1671.32,-258.88,,04-29
151,600337,美克家居,,,3.62,,,909.14,54.12,,04-29
152,600373,中文传媒,,,2.18,,,143.24,-8.74,,04-29
153,600558,大西洋,,,4.47,,,687.25,-13.18,,04-29
154,000509,华塑控股,,,1.43,,,352.7,-12.55,,04-29
155,600180,瑞茂通,,,3.94,,,2019.32,-0.99,,04-29
156,600076,康欣新材,,,2.39,,,-2324.65,157.31,,04-29
157,600742,一汽富维,,,5.74,,,-1853.88,-223.64,,04-29
158,600193,创兴资源,,,1.66,,,108.12,-124.52,,04-29
159,002041,登海种业,,,4.83,,,5438.79,,,04-29
160,600197,伊力特,,,1.99,,,1389.46,8.19,,04-29
161,000005,世纪星源,,,1.23,,,-664.66,-818.53,,04-29
162,600145,*ST新亿,,,1.47,,,310.02,51.9,,04-29
163,600893,中航动力,,,2.55,,,439.11,-48.95,,04-29
164,600863,内蒙华电,,,2.26,,,3897.78,-66.54,,04-29
165,600548,深高速,,,2.81,,,10040.73,11.42,,04-29
166,000736,中房地产,,,-10.11,,,-684.9,-2618.18,,04-29
167,600802,福建水泥,,,2.15,,,107.43,-94.53,,04-29
168,600639,浦东金桥,,,3.06,,,6387.34,56.05,,04-29
169,000531,穗恒运A,,,3.2,,,2745.26,-1.47,,04-29
170,600835,上海机电,,,4.12,,,7300.29,-11.17,,04-29
171,600132,重庆啤酒,,,2.63,,,823.99,5.28,,04-29
172,600162,香江控股,,,2.18,,,1497.56,2.55,,04-29
173,600266,北京城建,,,3.11,,,8519.77,814.22,,04-29
174,000058,深赛格,,,1.97,,,633.91,-47.87,,04-29
175,000937,冀中能源,,,5.29,,,19239.18,257.13,,04-29
176,600330,天通股份,,,3.54,,,1252.75,19.14,,04-29
177,600528,中铁二局,,,4.41,,,1857.07,0.48,,04-29
178,600655,豫园商城,,,3.95,,,3197.82,46.07,,04-29
179,600029,南方航空,,,2.6,,,-28500.0,-245.47,,04-29
180,000755,山西三维,,,3.6,,,2039.1,1224.04,,04-29
181,000712,锦龙股份,,,2.9,,,339.49,6.48,,04-29
182,000688,建新矿业,,,1.93,,,-3292.54,-1576.69,,04-29
183,000921,海信科龙,,,2.89,,,6049.14,28.01,,04-29
184,002013,中航机电,,,3.72,,,95.11,,,04-29
185,000973,佛塑科技,,,3.64,,,1314.49,-46.88,,04-29
186,000918,嘉凯城,,,1.14,,,509.33,65.2,,04-29
187,600874,创业环保,,,1.75,,,9370.8,54.83,,04-29
188,600667,太极实业,,,1.42,,,323.18,-24.91,,04-29
189,600854,春兰股份,,,5.81,,,687.75,-28.68,,04-29
190,600716,凤凰股份,,,1.36,,,559.32,-60.9,,04-29
191,000681,视觉中国,,,1.59,,,4.32,-93.7,,04-29
192,600325,华发股份,,,5.01,,,3218.06,309.64,,04-29
193,000800,一汽轿车,,,3.14,,,2198.89,-87.28,,04-29
194,600030,中信证券,0.0,,2.17,0.15,,827.06,-49.91,,04-29
195,600621,华鑫股份,,,1.8,,,1802.89,-18.23,,04-29
196,600763,通策医疗,,,0.16,,,-62.51,-21.68,,04-29
197,600871,石化油服,,,2.29,,,286.7,-97.54,,04-29
198,600275,武昌鱼,,,1.65,,,1251.96,-231.2,,04-29
199,600267,海正药业,,,2.69,,,3402.14,-39.03,,04-29
200,000815,美利云,,,5.64,,,1381.62,15.75,,04-29
201,000040,东旭蓝天,,,1.78,,,-1055.79,-211.45,,04-29
202,600433,冠豪高新,,,2.61,,,312.68,-34.32,,04-29
203,600180,瑞茂通,,,3.94,,,2019.32,-0.99,,04-29
204,600076,康欣新材,,,2.39,,,-2324.65,157.31,,04-29
205,600742,一汽富维,,,5.74,,,-1853.88,-223.64,,04-29
206,000676,智度股份,,,1.35,,,154.46,15.14,,04-29
207,000976,春晖股份,,,2.5,,,-1671.32,-258.88,,04-29
208,600337,美克家居,,,3.62,,,909.14,54.12,,04-29
209,600373,中文传媒,,,2.18,,,143.24,-8.74,,04-29
210,600558,大西洋,,,4.47,,,687.25,-13.18,,04-29
211,000509,华塑控股,,,1.43,,,352.7,-12.55,,04-29
212,600802,福建水泥,,,2.15,,,107.43,-94.53,,04-29
213,600639,浦东金桥,,,3.06,,,6387.34,56.05,,04-29
214,000531,穗恒运A,,,3.2,,,2745.26,-1.47,,04-29
215,600835,上海机电,,,4.12,,,7300.29,-11.17,,04-29
216,600132,重庆啤酒,,,2.63,,,823.99,5.28,,04-29
217,600162,香江控股,,,2.18,,,1497.56,2.55,,04-29
218,600193,创兴资源,,,1.66,,,108.12,-124.52,,04-29
219,002041,登海种业,,,4.83,,,5438.79,,,04-29
220,600197,伊力特,,,1.99,,,1389.46,8.19,,04-29
221,000005,世纪星源,,,1.23,,,-664.66,-818.53,,04-29
222,600145,*ST新亿,,,1.47,,,310.02,51.9,,04-29
223,600893,中航动力,,,2.55,,,439.11,-48.95,,04-29
224,600863,内蒙华电,,,2.26,,,3897.78,-66.54,,04-29
225,600548,深高速,,,2.81,,,10040.73,11.42,,04-29
226,000736,中房地产,,,-10.11,,,-684.9,-2618.18,,04-29
227,600029,南方航空,,,2.6,,,-28500.0,-245.47,,04-29
228,600764,中电广通,,,1.69,,,532.15,-44.0,,04-29
229,600093,禾嘉股份,,,1.49,,,95.3,-43.93,,04-29
230,600867,通化东宝,,,3.96,,,513.61,-41.17,,04-29
231,600841,上柴股份,,,3.99,,,5436.01,-19.08,,04-29
232,600777,新潮能源,,,4.06,,,1211.25,4.35,,04-29
233,600266,北京城建,,,3.11,,,8519.77,814.22,,04-29
234,000058,深赛格,,,1.97,,,633.91,-47.87,,04-29
235,000937,冀中能源,,,5.29,,,19239.18,257.13,,04-29
236,600330,天通股份,,,3.54,,,1252.75,19.14,,04-29
237,600528,中铁二局,,,4.41,,,1857.07,0.48,,04-29
238,600655,豫园商城,,,3.95,,,3197.82,46.07,,04-29
239,600760,*ST黑豹,,,1.71,,,-89.74,-80.27,,04-29
240,600747,大连控股,,,2.17,,,898.0,-57.51,,04-29
241,002005,德豪润达,,,7.1,,,-1759.78,,,04-29
242,600774,汉商集团,,,3.62,,,202.14,-121.53,,04-29
243,000892,星美联合,,,1.72,,,-4652.14,-547.02,,04-29
244,000927,一汽夏利,,,1.67,,,-3206.03,-343.16,,04-29
245,000882,华联股份,,,1.87,,,11.55,-95.63,,04-29
246,600480,凌云股份,,,2.06,,,681.29,-49.35,,04-29
247,600410,华胜天成,,,6.86,,,2107.11,27.83,,04-29
248,600876,洛阳玻璃,,,1.34,,,232.4,-92.09,,04-29
249,000908,景峰医药,,,1.16,,,40.96,-84.71,,04-29
250,000533,万家乐,,,1.04,,,22.46,15.38,,04-29
251,600131,岷江水电,,,1.4,,,1457.19,584.51,,04-29
252,000727,华东科技,,,3.14,,,-787.81,-240.0,,04-29
253,600322,天房发展,,,3.96,,,313.17,15.65,,04-29
254,600125,铁龙物流,,,3.37,,,2301.32,15.65,,04-29
255,600843,上工申贝,,,1.87,,,-1858.96,-465.06,,04-29
256,002002,鸿达兴业,,,3.59,,,394.29,,,04-29
257,600647,同达创业,,,1.09,,,78.79,-117.27,,04-29
258,000524,岭南控股,,,1.99,,,-803.68,-24.45,,04-29
259,600089,特变电工,,,4.72,,,2289.72,-35.8,,04-29
260,600733,S前锋,,,1.37,,,68.21,-123.81,,04-29
261,600050,中国联通,,,2.17,,,59497.2,-23.94,,04-29
262,000036,华联控股,,,3.78,,,-1465.36,-427.24,,04-29
263,600866,*ST星湖,,,1.72,,,257.9,-86.1,,04-29
264,600970,中材国际,,,2.76,,,1099.96,,,04-29
265,600497,驰宏锌锗,,,4.0,,,3806.06,108.57,,04-29
266,600006,东风汽车,,,2.22,,,14639.79,63.28,,04-29
267,600757,长江传媒,,,2.78,,,865.26,6.91,,04-29
268,600787,中储股份,,,1.78,,,1428.48,57.81,,04-29
269,600658,电子城,,,1.38,,,-430.9,-2.48,,04-29
270,600775,南京熊猫,,,1.84,,,2517.6,54.42,,04-29
271,600980,北矿科技,,,3.63,,,229.57,,,04-29
272,000886,海南高速,,,2.24,,,280.96,-246.55,,04-29
273,000593,大通燃气,,,1.45,,,18.19,-79.53,,04-29
274,000863,三湘印象,,,0.88,,,-1898.93,-1140.17,,04-29
275,000016,深康佳A,,,5.34,,,2054.1,-17.33,,04-29
276,000606,*ST易桥,,,1.89,,,33.21,-103.87,,04-29
277,600851,海欣股份,,,3.48,,,262.31,-5.93,,04-29
278,600807,天业股份,,,0.19,,,-656.27,-38.06,,04-29
279,600637,东方明珠,,,4.47,,,1008.15,-74.83,,04-29
280,600130,波导股份,,,9.9,,,2670.53,-47.12,,04-29
281,600766,园城黄金,,,0.49,,,-700.76,-1334.36,,04-29
282,000735,罗牛山,,,2.22,,,215.36,-29.32,,04-29
283,000716,黑芝麻,,,1.52,,,-868.51,-2947.87,,04-29
284,600600,青岛啤酒,,,3.45,,,6891.7,8.01,,04-29
285,000875,吉电股份,,,3.9,,,1403.15,-47.03,,04-29
286,000979,中弘股份,,,1.52,,,-1228.74,-4073.95,,04-29
287,600767,运盛医疗,,,0.88,,,-751.62,71.79,,04-29
288,600644,乐山电力,,,1.96,,,304.5,-229.44,,04-29
289,600088,中视传媒,,,3.13,,,81.53,-110.81,,04-29
290,600115,东方航空,,,1.2,,,5043.01,-81.99,,04-29
291,600169,太原重工,,,2.22,,,527.34,966.68,,04-29
292,600004,白云机场,,,4.03,,,6253.17,-48.31,,04-29
293,600496,精工钢构,,,2.53,,,1424.14,990.87,,04-29
294,000752,西藏发展,,,2.61,,,758.03,-17.36,,04-29
295,600555,海航创新,,,3.77,,,895.38,-40.49,,04-29
296,600749,西藏旅游,,,1.2,,,163.44,-414.74,,04-28
297,600071,凤凰光学,,,2.05,,,431.46,-46.04,,04-28
298,600805,悦达投资,,,2.87,,,138.61,-90.36,,04-28
299,600386,北巴传媒,,,4.85,,,64.01,-94.89,,04-28
300,600995,文山电力,,,3.07,,,901.46,,,04-28
301,600101,明星电力,,,6.06,,,1251.4,-10.27,,04-28
302,600560,金自天正,,,3.95,,,356.77,-36.7,,04-28
303,600587,新华医疗,,,3.39,,,106.55,-82.24,,04-28
304,600695,绿庭投资,,,0.54,,,-1948.14,-34.48,,04-28
305,600795,国电电力,,,3.01,,,17781.55,-20.67,,04-28
306,002008,大族激光,,,3.88,,,553.0,,,04-28
307,000523,广州浪奇,,,1.73,,,130.96,124.94,,04-28
308,600676,交运股份,,,3.21,,,1594.53,13.38,,04-28
309,600890,中房股份,,,1.23,,,-627.73,-492.95,,04-28
310,000418,小天鹅A,,,3.16,,,1198.67,20.49,,04-28
311,000506,中润资源,,,1.28,,,-1268.36,-333.73,,04-28
312,000672,上峰水泥,,,0.71,,,-226.96,-2534.01,,04-28
313,600271,航天信息,,,10.96,,,4739.93,17.68,,04-28
314,600292,远达环保,,,2.61,,,1690.38,-35.24,,04-28
315,600346,恒力股份,,,3.05,,,113.35,-7.2,,04-28
316,600536,中国软件,,,4.38,,,508.25,309.36,,04-28
317,600429,三元股份,,,1.21,,,-1836.75,-36.13,,04-28
318,600278,东方创业,,,3.48,,,762.03,-45.09,,04-28
319,600602,云赛智联,,,3.17,,,509.58,-87.88,,04-28
320,600806,*ST昆机,,,2.09,,,744.84,3969.86,,04-28
321,600690,青岛海尔,,,4.83,,,6322.62,-28.24,,04-28
322,600084,中葡股份,,,1.68,,,517.71,-42.48,,04-28
323,600649,城投控股,,,3.13,,,10959.81,-1.37,,04-28
324,000622,*ST恒立,,,-0.11,,,-1346.51,-5067.76,,04-28
325,000020,深华发A,,,0.82,,,-71.14,-713.86,,04-28
326,600168,武汉控股,,,3.1,,,119.42,-88.7,,04-28
327,600858,银座股份,,,1.23,,,1192.33,577.63,,04-28
328,600820,隧道股份,,,3.12,,,2132.89,-16.9,,04-28
329,600675,*ST中企,,,2.52,,,7535.96,618.08,,04-28
330,600771,广誉远,,,2.26,,,1804.61,-0.49,,04-28
331,600170,上海建工,,,4.39,,,3665.16,-17.33,,04-28
332,600885,宏发股份,,,1.62,,,188.31,-27.24,,04-28
333,000722,湖南发展,,,3.98,,0.08,386.82,23.85,,04-28
334,600202,哈空调,,,1.59,,,1657.71,-529.72,,04-28
335,600987,航民股份,,,3.46,,,571.75,,,04-28
336,600879,航天电子,,,2.95,,,2430.99,63.78,,04-28
337,600748,上实发展,,,2.03,,,1199.12,29.31,,04-28
338,600072,钢构工程,,,2.78,,,214.85,-41.87,,04-28
339,600827,百联股份,,,3.57,,,3046.43,5.46,,04-28
340,600718,东软集团,,,5.13,,,312.93,-3.24,,04-28
341,000028,国药一致,,,1.28,,,1119.05,215.14,,04-28
342,000955,欣龙控股,,,1.84,,,102.87,1.84,,04-28
343,600576,万家文化,,,2.66,,,604.73,69.06,,04-28
344,600844,丹化科技,,,0.17,,,1196.0,-222.79,,04-28
345,600597,光明乳业,,,2.03,,,6841.38,13.0,,04-28
346,600012,皖通高速,,,2.58,,,13778.54,41.15,,04-28
347,000906,浙商中拓,,,1.75,,,192.59,14.51,,04-28
348,600057,象屿股份,,,3.07,,,333.05,-95.24,,04-28
349,600753,东方银星,,,0.83,,,-221.99,83.63,,04-28
350,000089,深圳机场,,,3.69,,,8813.14,-18.62,,04-28
351,600035,楚天高速,,,2.29,,,2390.03,-41.52,,04-28
352,600308,华泰股份,,,7.3,,,7907.08,50.09,,04-28
353,000852,石化机械,,,2.51,,,3167.9,67.36,,04-28
354,600599,熊猫金控,,,2.16,,,-177.62,-158.4,,04-28
355,600138,中青旅,,,4.47,,,340.64,-38.36,,04-28
356,600754,锦江股份,,,3.18,,,4257.03,38.8,,04-28
357,600241,时代万恒,,,4.29,,,449.26,-13.36,,04-28
358,600290,华仪电气,,,1.31,,,-672.96,-1761.3,,04-28
359,600749,西藏旅游,,,1.2,,,163.44,-414.74,,04-28
360,600071,凤凰光学,,,2.05,,,431.46,-46.04,,04-28
361,600805,悦达投资,,,2.87,,,138.61,-90.36,,04-28
362,600386,北巴传媒,,,4.85,,,64.01,-94.89,,04-28
363,600961,株冶集团,,,2.16,,,1639.78,,,04-28
364,600222,太龙药业,,,3.38,,,484.14,226.48,,04-28
365,000526,紫光学大,,,2.03,,,-404.42,156.52,,04-28
366,000812,陕西金叶,,,2.24,,,437.95,112.02,,04-28
367,000691,ST亚太,,,1.66,,,-822.44,9.49,,04-28
368,600717,天津港,,,2.06,,,7417.35,42.35,,04-28
369,600609,金杯汽车,,,1.14,,,-7811.78,13.08,,04-28
370,000733,振华科技,,,5.16,,,669.3,20.21,,04-28
371,600188,兖州煤业,,,5.24,,,79267.64,102.26,,04-28
372,000909,数源科技,,,2.76,,,47.01,4.49,,04-28
373,600550,保变电气,,,2.96,,,891.97,32.04,,04-28
374,600579,天华院,,,2.77,,,14.89,-96.37,,04-28
375,600668,尖峰集团,,,2.56,,,-1768.64,-268.8,,04-28
376,600837,海通证券,,,2.02,,,2039.13,26.06,,04-28
377,600877,中国嘉陵,,,2.51,,,488.32,303.42,,04-28
378,000597,东北制药,,,2.92,,,164.55,-37.34,,04-28
379,600682,南京新百,,,4.06,,,2036.56,12.42,,04-28
380,600295,鄂尔多斯,,,3.13,,,6022.17,-8.52,,04-28
381,600196,复星医药,,,2.89,,,5944.31,-7.47,,04-28
382,600388,龙净环保,,,4.27,,,605.0,-7.5,,04-28
383,600966,博汇纸业,,,6.57,,,2393.01,,,04-28
384,600622,嘉宝集团,,,1.69,,,1609.09,244.77,,04-28
385,000996,中国中期,,,3.15,,,204.13,288.85,,04-28
386,600376,首开股份,,,4.36,,,1588.77,559.08,,04-28
387,600759,洲际油气,,,-0.49,,,-44.18,-580.23,,04-28
388,000893,东凌国际,,,1.47,,,126.27,373.98,,04-28
389,000413,东旭光电,,,1.65,,,114.68,-28.5,,04-28
390,600177,雅戈尔,,,3.4,,,22553.08,113.05,,04-28
391,000033,*ST新都,,,1.53,,,43.04,-169.66,,04-28
392,600098,广州发展,,,5.45,,,11171.13,-17.22,,04-28
393,002015,霞客环保,,,4.76,,,540.48,,,04-28
394,000586,汇源通信,,,1.68,,,493.86,9.07,,04-28
395,600009,上海机场,,,4.28,,,32741.0,13.7,,04-28
396,000797,中国武夷,,,2.38,,,1127.8,-221.06,,04-28
397,600128,弘业股份,,,3.03,,,500.83,2.71,,04-28
398,600793,宜宾纸业,,,1.83,,,160.54,-47.88,,04-28
399,600185,格力地产,,,2.44,,,276.48,4.95,,04-28
400,000411,英特集团,,,0.74,,,225.46,713.75,,04-28
401,000603,盛达矿业,,,0.85,,,-28.72,-135.54,,04-28
402,002006,精功科技,,,4.4,,,434.34,,,04-28
403,000791,甘肃电投,,,1.09,,,-238.33,-26068.73,,04-28
404,000923,河北宣工,,,2.47,-2.12,,-873.57,-1184.28,,04-28
405,600585,海螺水泥,,,4.37,,,2165.86,-95.11,,04-28
406,600984,建设机械,,,3.29,,,-1659.17,,,04-28
407,600836,界龙实业,,,2.09,,,107.46,45.64,,04-28
408,600714,金瑞矿业,,,1.71,,,-332.86,201.77,,04-28
409,600165,新日恒力,,,2.69,,,-313.31,-157.02,,04-28
410,000078,海王生物,,,4.91,,,249.05,-133.62,,04-28
411,600332,白云山,,,3.1,,,5217.09,83.91,,04-28
412,002019,亿帆医药,,,5.85,,,704.46,,,04-28
413,600703,三安光电,,,1.86,,,-122.32,-115.13,,04-28
414,600737,中粮屯河,,,0.41,,,-2920.73,43.72,,04-28
415,000981,银亿股份,,,3.49,,,178.2,-149.01,,04-28
416,600233,圆通速递,,,2.87,,,811.49,37.72,,04-28
417,600985,雷鸣科化,,,3.13,,,91.89,-74.03,,04-28
418,600875,东方电气,,,2.9,,,9084.54,929.56,,04-28
419,600712,南宁百货,,,1.11,,,220.07,-8.92,,04-28
420,000797,中国武夷,,,2.38,,,1127.8,-221.06,,04-28
421,600128,弘业股份,,,3.03,,,500.83,2.71,,04-28
422,600714,金瑞矿业,,,1.71,,,-332.86,201.77,,04-28
423,600165,新日恒力,,,2.69,,,-313.31,-157.02,,04-28
424,000411,英特集团,,,0.74,,,225.46,713.75,,04-28
425,000603,盛达矿业,,,0.85,,,-28.72,-135.54,,04-28
426,002006,精功科技,,,4.4,,,434.34,,,04-28
427,000791,甘肃电投,,,1.09,,,-238.33,-26068.73,,04-28
428,000923,河北宣工,,,2.47,-2.12,,-873.57,-1184.28,,04-28
429,600585,海螺水泥,,,4.37,,,2165.86,-95.11,,04-28
430,600984,建设机械,,,3.29,,,-1659.17,,,04-28
431,600836,界龙实业,,,2.09,,,107.46,45.64,,04-28
432,002030,达安基因,,,3.12,,,451.13,,,04-27
433,600288,大恒科技,,,3.73,,,533.88,17.86,,04-27
434,600261,阳光照明,,,5.26,,,1836.11,76.38,,04-27
435,600538,国发股份,,,4.4,,,616.05,3.97,,04-27
436,000890,法尔胜,,,3.26,,,513.78,13.06,,04-27
437,600021,上海电力,,,3.99,,,5107.45,-63.35,,04-27
438,600313,农发种业,,,2.17,,,66.53,-80.82,,04-27
439,600791,京能置业,,,1.95,,,305.33,2.66,,04-27
440,000582,北部湾港,,,2.32,,,407.87,-149.84,,04-27
441,600095,哈高科,,,2.29,,,-780.09,122.56,,04-27
442,000416,民生控股,,,1.58,,,5380.0,-27.25,,04-27
443,600247,ST成城,,,1.73,,,377.33,35.28,,04-27
444,600563,法拉电子,,,4.87,,,1947.54,-0.88,,04-27
445,000880,潍柴重机,,,0.92,,,-1968.04,-2318.4,,04-27
446,600420,现代制药,,,4.79,,,1594.21,,,04-27
447,600008,首创股份,,,3.94,,,8538.76,-21.59,,04-27
448,002021,中捷资源,,,4.88,,,1553.98,,,04-27
449,600262,北方股份,,,3.52,,,232.77,-10.27,,04-27
450,600223,鲁商置业,,,3.01,,,1222.4,-53.65,,04-27
451,600800,天津磁卡,,,1.55,,,4757.83,253.15,,04-27
452,000633,*ST合金,,,0.32,,,-1586.47,-12232.03,,04-27
453,600432,*ST吉恩,,,3.45,,,3895.94,45.75,,04-27
454,002004,华邦健康,,,2.91,,,617.42,,,04-27
455,600620,天宸股份,,,1.56,,,77.54,-30.46,,04-27
456,600118,中国卫星,,,1.39,,,-434.08,-229.6,,04-27
457,600702,沱牌舍得,,,4.86,,,570.96,7.16,,04-27
458,600741,华域汽车,,,2.44,,,2356.29,-21.53,,04-27
459,000738,中航动控,,,1.08,,,-622.72,-1346.22,,04-27
460,000043,中航地产,,,2.38,,,569.48,14.66,,04-27
461,000655,金岭矿业,,,1.42,,,-2153.88,-12989.6,,04-27
462,600007,中国国贸,,,3.24,,,5773.6,13.54,,04-27
463,600779,水井坊,,,2.3,,,2756.5,290.7,,04-27
464,600421,仰帆控股,,,3.33,,,396.62,,,04-27
465,600978,宜华生活,,,3.0,,0.2,1462.87,,,04-27
466,600487,亨通光电,,,4.86,,,413.99,2.13,,04-27
467,600860,京城股份,,,3.04,,,1853.63,-33.11,,04-27
468,600516,方大炭素,,,3.49,,,310.45,33.34,,04-27
469,600060,海信电器,,,4.94,,,2567.46,57.73,,04-27
470,600081,东风科技,,,1.78,,,670.08,-28.66,,04-27
471,600498,烽火通信,,,5.59,,,478.74,-38.84,,04-27
472,600027,华电国际,,,1.98,,,23211.5,,,04-27
473,600765,中航重机,,,1.53,,,298.21,-1.7,,04-27
474,600740,山西焦化,,,5.05,,,6427.31,108.21,,04-27
475,600758,红阳能源,,,0.5,,,-428.59,-12.65,,04-27
476,600218,全柴动力,,,2.91,,,453.13,51.26,,04-27
477,000505,*ST珠江,,,0.39,,,-953.99,155.46,,04-27
478,600270,外运发展,,,3.06,,,10189.63,15.03,,04-27
479,002017,东信和平,,,4.65,,,1192.8,,,04-27
480,600056,中国医药,,,3.0,,,1459.89,927.74,,04-27
481,600664,哈药股份,,,2.83,,,13184.48,9.78,,04-27
482,000004,国农科技,,,1.12,,,-131.39,-65.98,,04-27
483,600108,亚盛集团,,,1.69,,,1136.74,-19.45,,04-27
484,600719,大连热电,,,3.66,,,2256.35,12.03,,04-27
485,600882,广泽股份,,,2.66,,,549.84,14.4,,04-27
486,000683,远兴能源,,,0.57,,,289.95,-114.4,,04-27
487,600327,大东方,,,2.92,,,2497.74,6.03,,04-27
488,600360,华微电子,,,5.77,,,1865.99,167.32,,04-27
489,600163,中闽能源,,,3.7,,,138.21,945.07,,04-27
490,600887,伊利股份,,,5.48,,,7640.95,17.3,,04-27
491,600064,南京高科,,,3.98,,,1555.78,6.16,,04-27
492,000887,中鼎股份,,,-0.3,,,-1243.73,-235.63,,04-27
493,600091,ST明科,,,5.79,,,1669.72,-34.62,,04-27
494,600547,山东黄金,,,3.48,,,1396.05,12.03,,04-27
495,600566,济川药业,,,4.45,,,58.8,-33.37,,04-27
496,600033,福建高速,,,3.31,,,10988.23,4.43,,04-27
497,600826,兰生股份,,,1.82,,,233.92,125.68,,04-27
498,600121,郑州煤电,,,1.96,,,4351.66,197.11,,04-27
499,600150,中国船舶,,,2.61,,,2377.6,226.42,,04-27
500,600761,安徽合力,,,2.97,,,3087.97,-9.47,,04-27
501,000018,神州长城,,,1.83,,,-352.06,-547.46,,04-27
502,600343,航天动力,,,2.28,,,400.72,61.5,,04-27
503,000917,电广传媒,,,7.11,,,406.68,-62.3,,04-27
504,600570,恒生电子,,,5.37,,,12.08,60.55,,04-27
505,600726,华电能源,,,3.03,,,2710.83,-46.27,,04-27
506,600385,山东金泰,,,-0.23,,,-390.27,11.68,,04-27
507,600054,黄山旅游,,,2.4,,,-1268.56,-4.91,,04-27
508,600744,华银电力,,,3.97,,,-5582.65,-294.45,,04-27
509,600200,江苏吴中,,,2.13,,,1294.87,-2.91,,04-27
510,000585,东北电气,,,0.89,,,539.07,181.88,,04-27
511,600581,*ST八钢,,,4.1,,,10198.14,-29.38,,04-27
512,600798,宁波海运,,,1.59,,,2893.96,9.89,,04-27
513,002022,科华生物,,,4.32,,,1150.3,,,04-27
514,600898,三联商社,,,1.51,,,846.44,7.77,,04-27
515,000818,方大化工,,,3.45,,,883.48,84.92,,04-27
516,000042,中洲控股,,,5.93,,,292.5,-117.73,,04-27
517,600396,金山股份,,,2.39,,,2011.16,-26.48,,04-27
518,000876,新希望,,,5.17,,,4819.31,85.28,,04-27
519,600804,鹏博士,,,1.67,,,-271.79,186.8,,04-27
520,600149,廊坊发展,,,1.93,,,148.94,-68.48,,04-27
521,600738,兰州民百,,,1.07,,,555.75,91.58,,04-27
522,600319,*ST亚星,,,3.42,,,1256.03,47.12,,04-27
523,600449,宁夏建材,,,4.64,,,-380.55,266.98,,04-27
524,600846,同济科技,,,1.69,,,-1379.2,30.33,,04-27
525,600209,罗顿发展,,,1.69,,,-535.2,-362.87,,04-27
526,600662,强生控股,,,2.89,,,3784.19,-4.3,,04-27
527,600715,文投控股,,,0.08,,,-521.91,-10.04,,04-27
528,600208,新湖中宝,,,2.38,,,-2239.18,27.65,,04-27
529,600379,宝光股份,,,1.82,,,18.05,-88.66,,04-27
530,600801,华新水泥,,,3.52,,,-1082.39,-118.23,,04-27
531,000503,海虹控股,,,1.89,,,844.4,-63.55,,04-27
532,002030,达安基因,,,3.12,,,451.13,,,04-27
533,600288,大恒科技,,,3.73,,,533.88,17.86,,04-27
534,600261,阳光照明,,,5.26,,,1836.11,76.38,,04-27
535,600538,国发股份,,,4.4,,,616.05,3.97,,04-27
536,000890,法尔胜,,,3.26,,,513.78,13.06,,04-27
537,600021,上海电力,,,3.99,,,5107.45,-63.35,,04-27
538,600313,农发种业,,,2.17,,,66.53,-80.82,,04-27
539,600791,京能置业,,,1.95,,,305.33,2.66,,04-27
540,600379,宝光股份,,,1.82,,,18.05,-88.66,,04-27
541,600801,华新水泥,,,3.52,,,-1082.39,-118.23,,04-27
542,600172,黄河旋风,,,3.25,,,1499.8,20.22,,04-26
543,600894,广日股份,,,1.89,,,2910.23,-72.59,,04-26
544,000948,南天信息,,,3.56,,,-464.48,-58.23,,04-26
545,000415,渤海金控,,,1.58,,,-536.56,-61.19,,04-26
546,600395,盘江股份,,,3.54,,,1989.66,0.02,,04-26
547,000777,中核科技,,,1.65,,,33.09,-112.01,,04-26
548,600176,中国巨石,,,1.56,,,3508.61,64.12,,04-26
549,600704,物产中大,,,3.76,,,1476.78,13.78,,04-26
550,000001,平安银行,0.08,,2.49,,,15412.64,-28.1,,04-26
551,600448,华纺股份,,,2.41,,,617.87,-280.71,,04-26
552,000570,苏常柴A,,,2.32,,,1386.85,-18.47,,04-26
553,600724,宁波富达,,,1.92,,,409.57,-62.53,,04-26
554,600778,友好集团,,,2.58,,,587.99,10.85,,04-26
555,600323,瀚蓝环境,,,3.95,,,2067.83,20.95,,04-26
556,600363,联创光电,,,2.84,,,431.65,-49.55,,04-26
557,600483,福能股份,,,3.39,,,100.22,,,04-26
558,600824,益民集团,,,4.01,,,1645.76,5.48,,04-26
559,600612,老凤祥,,,1.92,,,981.19,16.28,,04-26
560,600082,海泰发展,,,1.68,,,757.79,-43.02,,04-26
561,600736,苏州高新,,,3.54,,,2385.35,43.8,,04-26
562,000039,中集集团,,,8.32,,,91444.8,395.11,,04-26
563,600365,通葡股份,,,3.07,,,-169.68,-412.83,,04-26
564,600351,亚宝药业,,,1.83,,,918.82,13.15,,04-26
565,600969,郴电国际,,,3.16,,,943.99,5.59,,04-26
566,600857,宁波中百,,,1.86,,,48.81,-43.67,,04-26
567,000838,财信发展,,,1.33,,,321.44,81.6,,04-26
568,600067,冠城大通,,,1.73,,,2856.08,31.16,,04-26
569,600117,西宁特钢,,,2.68,,,2204.86,8.14,,04-26
570,600317,营口港,,,4.22,,,3254.22,35.44,,04-26
571,600792,云煤能源,,,2.09,,,3006.86,440.72,,04-26
572,600038,中直股份,,,3.28,,,-813.5,42.45,,04-26
573,000543,皖能电力,,,3.24,,,1112.73,-77.74,,04-26
574,600126,杭钢股份,,,4.78,,,11411.18,-45.0,,04-26
575,600161,天坛生物,,,1.89,,,1880.87,7.66,,04-26
576,000721,西安饮食,,,1.84,,,357.21,1.39,,04-26
577,000626,远大控股,,,1.41,,,1047.3,39.89,,04-26
578,600468,百利电气,,,2.09,,,251.39,71.41,,04-26
579,000612,焦作万方,,,2.04,,,671.74,-88.06,,04-26
580,600780,通宝能源,,,1.8,2.88,,4470.1,-46.17,,04-26
581,600665,天地源,,,1.87,,,735.2,15.66,,04-26
582,600110,诺德股份,,,2.09,,,949.7,5.91,,04-26
583,600213,亚星客车,,,2.18,,,320.39,-16.2,,04-26
584,600755,厦门国贸,,,2.51,,,2370.44,43.03,,04-26
585,600284,浦东建设,,,2.95,,,658.54,25.85,,04-26
586,600361,华联综超,,,2.94,,,3187.35,23.0,,04-26
587,600167,联美控股,,,2.45,,,468.7,-35.71,,04-26
588,600671,天目药业,,,1.98,,,115.0,-9.81,,04-26
589,600619,海立股份,,,3.02,,,9225.11,51.07,,04-26
590,600698,湖南天雁,,,0.38,,,237.82,8.95,,04-26
591,600151,航天机电,,,2.79,,,309.84,-87.02,,04-26
592,600316,洪都航空,,,4.6,,,775.42,129.45,,04-26
593,000928,中钢国际,,,2.74,,,37.18,-39.94,,04-26
594,002039,黔源电力,,,3.67,,,-3514.99,,,04-26
595,600435,北方导航,,,5.98,,,312.72,-19.74,,04-26
596,000518,四环生物,,,1.07,,,44.64,-98.95,,04-26
597,600629,华建集团,,,-3.71,,,-241.04,-44.62,,04-26
598,600401,海润光伏,,,2.59,,,744.55,4.85,,04-26
599,600321,国栋建设,,,4.92,,,695.71,-34.28,,04-26
600,600969,郴电国际,,,3.16,,,943.99,5.59,,04-26
601,600857,宁波中百,,,1.86,,,48.81,-43.67,,04-26
602,000838,财信发展,,,1.33,,,321.44,81.6,,04-26
603,600067,冠城大通,,,1.73,,,2856.08,31.16,,04-26
604,600736,苏州高新,,,3.54,,,2385.35,43.8,,04-26
605,000039,中集集团,,,8.32,,,91444.8,395.11,,04-26
606,600365,通葡股份,,,3.07,,,-169.68,-412.83,,04-26
607,600792,云煤能源,,,2.09,,,3006.86,440.72,,04-26
608,600038,中直股份,,,3.28,,,-813.5,42.45,,04-26
609,000543,皖能电力,,,3.24,,,1112.73,-77.74,,04-26
610,600126,杭钢股份,,,4.78,,,11411.18,-45.0,,04-26
611,600117,西宁特钢,,,2.68,,,2204.86,8.14,,04-26
612,600317,营口港,,,4.22,,,3254.22,35.44,,04-26
613,600468,百利电气,,,2.09,,,251.39,71.41,,04-26
614,000612,焦作万方,,,2.04,,,671.74,-88.06,,04-26
615,600780,通宝能源,,,1.8,2.88,,4470.1,-46.17,,04-26
616,600665,天地源,,,1.87,,,735.2,15.66,,04-26
617,600110,诺德股份,,,2.09,,,949.7,5.91,,04-26
618,600161,天坛生物,,,1.89,,,1880.87,7.66,,04-26
619,000721,西安饮食,,,1.84,,,357.21,1.39,,04-26
620,000626,远大控股,,,1.41,,,1047.3,39.89,,04-26
621,600167,联美控股,,,2.45,,,468.7,-35.71,,04-26
622,600671,天目药业,,,1.98,,,115.0,-9.81,,04-26
623,600619,海立股份,,,3.02,,,9225.11,51.07,,04-26
624,600698,湖南天雁,,,0.38,,,237.82,8.95,,04-26
625,600213,亚星客车,,,2.18,,,320.39,-16.2,,04-26
626,600755,厦门国贸,,,2.51,,,2370.44,43.03,,04-26
627,600284,浦东建设,,,2.95,,,658.54,25.85,,04-26
628,600361,华联综超,,,2.94,,,3187.35,23.0,,04-26
629,002039,黔源电力,,,3.67,,,-3514.99,,,04-26
630,600435,北方导航,,,5.98,,,312.72,-19.74,,04-26
631,000518,四环生物,,,1.07,,,44.64,-98.95,,04-26
632,600151,航天机电,,,2.79,,,309.84,-87.02,,04-26
633,600316,洪都航空,,,4.6,,,775.42,129.45,,04-26
634,000928,中钢国际,,,2.74,,,37.18,-39.94,,04-26
635,600815,厦工股份,,,2.04,,,2287.21,-40.85,,04-26
636,600249,两面针,,,6.85,,,581.93,-12.85,,04-26
637,600512,腾达建设,,,3.29,,,864.08,-4.35,,04-26
638,600629,华建集团,,,-3.71,,,-241.04,-44.62,,04-26
639,600401,海润光伏,,,2.59,,,744.55,4.85,,04-26
640,600321,国栋建设,,,4.92,,,695.71,-34.28,,04-26
641,600355,精伦电子,,,2.97,,,-1752.84,-7658.72,,04-26
642,600336,澳柯玛,,,3.57,,,620.74,-17.42,,04-26
643,600493,凤竹纺织,,,3.16,,,658.24,26.67,,04-26
644,600584,长电科技,,,2.41,,,712.75,-16.25,,04-26
645,600797,浙大网新,,,1.4,,,1946.66,-20.5,,04-26
646,600618,氯碱化工,,,2.5,,,-1026.99,-129.55,,04-26
647,002020,京新药业,,,4.18,,,350.35,,,04-26
648,000528,柳工,,,3.3,,,5975.67,-44.96,,04-26
649,600207,安彩高科,,,5.79,,,5383.01,-14.56,,04-26
650,000767,漳泽电力,,,2.22,,,5104.83,-11.05,,04-26
651,002037,久联发展,,,3.81,,,219.18,,,04-26
652,000063,中兴通讯,,,9.8,,,23043.1,74.55,,04-26
653,600235,民丰特纸,,,3.14,,,936.65,-38.23,,04-26
654,600051,宁波联合,,,2.78,,,501.91,14.12,,04-26
655,600392,盛和资源,,,4.98,,,668.35,87.66,,04-26
656,600880,博瑞传播,,,2.1,,,1447.91,30.77,,04-26
657,600592,龙溪股份,,,3.77,,,1551.84,47.71,,04-26
658,000563,陕国投A,0.0,,1.01,,,63.11,-117.72,,04-26
659,600269,赣粤高速,,,4.71,,,8180.33,4.27,,04-26
660,600455,博通股份,,,4.05,,,52.05,-86.74,,04-26
661,000029,深深房A,,,0.98,,,-1400.06,-23.32,,04-26
662,600358,国旅联合,,,1.14,,,33.51,-95.18,,04-26
663,600387,海越股份,,,3.11,,,623.12,-11.17,,04-26
664,600461,洪城水业,,,3.19,,,806.09,,,04-26
665,600090,同济堂,,,-3.1,,,-393.03,-60.2,,04-26
666,600580,卧龙电气,,,2.77,,,923.5,8.35,,04-26
667,600062,华润双鹤,,,3.57,,,3345.46,17.96,,04-26
668,600475,华光股份,,,3.68,,,2778.75,64.86,,04-25
669,600562,国睿科技,,,4.06,,,272.08,-49.0,,04-25
670,600069,银鸽投资,,,1.3,,,1185.81,21.96,,04-25
671,600650,锦江投资,,,3.24,,,5162.63,569.03,,04-25
672,600119,长江投资,,,1.73,,,34.19,-36.07,,04-25
673,600794,保税科技,,,1.48,,,316.1,15.18,,04-25
674,000753,漳州发展,,,2.65,,,543.41,-44.87,,04-25
675,002026,山东威达,,,4.58,,,692.73,,,04-25
676,600569,安阳钢铁,,,2.98,,,22979.62,-5.27,,04-25
677,600784,鲁银投资,,,1.16,,,359.55,-66.08,,04-25
678,600630,龙头股份,,,3.19,,,615.42,10.26,,04-25
679,600127,金健米业,,,2.06,,,170.39,21.94,,04-25
680,600847,万里股份,,,0.51,,,-370.19,-6.73,,04-25
681,600256,广汇能源,,,1.9,,,4391.77,-14.73,,04-25
682,000801,四川九洲,,,0.68,,,-118.57,-175.07,,04-25
683,000932,华菱钢铁,,,3.96,,,32261.7,20.74,,04-25
684,600583,海油工程,,,5.61,,,5610.76,30.77,,04-25
685,600016,民生银行,0.12,,2.61,,,60587.8,31.75,,04-25
686,600687,刚泰控股,,,1.96,,,293.4,13.2,,04-25
687,600393,粤泰股份,,,2.54,,,445.8,7.28,,04-25
688,600173,卧龙地产,,,2.3,,,-2215.24,43.67,,04-25
689,600710,*ST常林,,,2.09,,,251.48,-94.93,,04-25
690,600183,生益科技,,,2.01,,,1323.46,-59.92,,04-25
691,000977,浪潮信息,,,4.2,,,35.36,-83.18,,04-25
692,600399,抚顺特钢,,,2.84,,,478.47,-29.45,,04-25
693,600446,金证股份,,,4.95,,,147.92,-128.11,,04-25
694,000848,承德露露,,,2.89,,,2098.8,31.1,,04-25
695,600568,中珠医疗,,,4.35,,,115.85,-30.83,,04-25
696,600103,青山纸业,,,2.24,,,516.29,-22.34,,04-25
697,600354,敦煌种业,,,3.73,,,125.92,-21.84,,04-25
698,600582,天地科技,,,3.46,,,495.76,22.34,,04-25
699,600545,新疆城建,,,3.53,,,-539.21,14.32,,04-25
700,600834,申通地铁,,,1.64,,,2016.38,-17.28,,04-25
701,600328,兰太实业,,,2.09,,,2074.28,69.57,,04-25
702,600526,菲达环保,,,3.16,,,581.34,-36.83,,04-25
703,000901,航天科技,,,1.7,,,56.83,8.4,,04-25
704,600529,山东药玻,,,4.35,,,1965.46,14.65,,04-25
705,600559,老白干酒,,,2.51,,,421.62,3.74,,04-25
706,600291,西水股份,,,4.26,,,574.28,-42.77,,04-25
707,600112,天成控股,,,1.8,,,322.02,-4.54,,04-25
708,600303,曙光股份,,,3.88,,,3156.79,2.3,,04-25
709,600520,*ST中发,,,2.57,,,176.2,-32.69,,04-25
710,600701,*ST工新,,,2.66,,,156.19,-11.59,,04-25
711,002031,巨轮智能,,,3.39,,,1147.21,,,04-25
712,600277,亿利洁能,,,4.57,,,425.21,3.15,,04-25
713,600380,健康元,,,3.5,,,6972.14,12.97,,04-25
714,600979,广安爱众,,,2.31,,,732.57,,,04-25
715,600079,人福医药,,,2.69,,,605.07,19.47,,04-25
716,600201,生物股份,,,2.82,,,993.49,-9.14,,04-25
717,600260,凯乐科技,,,3.78,,,1350.92,1.66,,04-25
718,600527,江南高纤,,,3.51,,,680.43,2.71,,04-25
719,600338,西藏珠峰,,,-0.0,,,-994.49,22.46,,04-25
720,600328,兰太实业,,,2.09,,,2074.28,69.57,,04-25
721,600526,菲达环保,,,3.16,,,581.34,-36.83,,04-25
722,000901,航天科技,,,1.7,,,56.83,8.4,,04-25
723,600520,*ST中发,,,2.57,,,176.2,-32.69,,04-25
724,600701,*ST工新,,,2.66,,,156.19,-11.59,,04-25
725,600291,西水股份,,,4.26,,,574.28,-42.77,,04-25
726,600112,天成控股,,,1.8,,,322.02,-4.54,,04-25
727,600303,曙光股份,,,3.88,,,3156.79,2.3,,04-25
728,600380,健康元,,,3.5,,,6972.14,12.97,,04-25
729,600979,广安爱众,,,2.31,,,732.57,,,04-25
730,600079,人福医药,,,2.69,,,605.07,19.47,,04-25
731,002031,巨轮智能,,,3.39,,,1147.21,,,04-25
732,600277,亿利洁能,,,4.57,,,425.21,3.15,,04-25
733,600527,江南高纤,,,3.51,,,680.43,2.71,,04-25
734,600201,生物股份,,,2.82,,,993.49,-9.14,,04-25
735,600260,凯乐科技,,,3.78,,,1350.92,1.66,,04-25
736,600789,鲁抗医药,,,3.64,,,152.0,-47.85,,04-25
737,600623,华谊集团,,,1.53,,,135.09,-85.93,,04-25
738,600217,中再资环,,,1.27,,,-479.32,-173.83,,04-25
739,600707,彩虹股份,,,4.9,,,1434.17,-79.13,,04-25
740,600338,西藏珠峰,,,-0.0,,,-994.49,22.46,,04-25
741,600368,五洲交通,,,2.9,,,1841.0,-7.08,,04-25
742,600377,宁沪高速,,,2.8,,,18184.97,-49.9,,04-25
743,600452,涪陵电力,,,2.99,,,94.55,58.52,,04-25
744,600485,信威集团,,,2.04,,,-932.99,-200.25,,04-25
745,600426,华鲁恒升,,,3.07,,,4657.74,85.79,,04-25
746,600510,黑牡丹,,,3.49,,,2629.57,42.64,,04-25
747,600540,新赛股份,,,3.21,,,1080.32,-24.8,,04-25
748,000567,海德股份,,,0.54,,,58.87,-110.41,,04-25
749,600381,青海春天,,,1.78,,,649.38,85.2,,04-25
750,002012,凯恩股份,,,3.42,,,1365.8,,,04-25
751,600389,江山股份,,,2.92,,,1631.72,-1.59,,04-23
752,000507,珠海港,,,2.95,,,671.92,3.63,,04-23
753,600114,东睦股份,,,5.1,,,658.55,,,04-23
754,600735,新华锦,,,0.43,,,52.25,-117.18,,04-23
755,000501,鄂武商A,,,1.78,,,2726.88,192.53,,04-23
756,600517,置信电气,,,3.09,,,408.48,4.83,,04-23
757,600855,航天长峰,,,2.46,,,515.77,-2.87,,04-23
758,600070,浙江富润,,,3.85,,,417.41,25.31,,04-23
759,600289,亿阳信通,,,5.16,,,2150.94,87.35,,04-23
760,600312,平高电气,,,3.15,,,688.25,327.88,,04-23
761,000931,中关村,,,1.51,,,536.59,-121.3,,04-23
762,600561,江西长运,,,1.75,,,1407.71,7.04,,04-23
763,600783,鲁信创投,,,1.33,,,85.4,-116.27,,04-23
764,600053,九鼎投资,,,-0.68,,,1150.62,-154.2,,04-23
765,000520,长航凤凰,,,2.57,,,888.0,40.42,,04-23
766,000878,云南铜业,,,2.71,,,5625.66,140.83,,04-23
767,000920,南方汇通,,,2.15,,,-1238.71,-358.17,,04-23
768,600889,南京化纤,,,3.13,,,327.12,-83.87,,04-23
769,600823,世茂股份,,,2.16,,,2110.79,-440.89,,04-23
770,600613,神奇制药,,,1.09,,,158.33,-119.04,,04-23
771,600640,号百控股,,,2.64,,,-1453.27,-273.94,,04-23
772,600113,浙江东日,,,3.21,,,407.1,8.76,,04-23
773,001896,豫能控股,,,1.78,,,-5878.31,-3299.28,,04-23
774,600694,大商股份,,,6.93,,,6632.85,49.43,,04-23
775,600818,中路股份,,,0.92,,,1209.6,30.1,,04-23
776,000547,航天发展,,,3.75,,,1114.21,728.51,,04-23
777,600756,浪潮软件,,,3.15,,,95.13,-84.32,,04-23
778,600210,紫江企业,,,1.9,,,4431.61,-30.21,,04-23
779,600237,铜峰电子,,,2.82,,,1291.91,-33.24,,04-23
780,600340,华夏幸福,,,3.88,,,-431.84,-500.64,,04-23
781,600886,国投电力,,,2.58,,,10923.08,57.87,,04-23
782,000758,中色股份,,,1.92,,,1213.6,101.67,,04-23
783,600796,钱江生化,,,2.02,,,878.39,6.01,,04-23
784,000546,金圆股份,,,1.12,,,-1221.17,30.7,,04-23
785,600116,三峡水利,,,2.17,,,-1724.43,2177.76,,04-23
786,000419,通程控股,,,3.57,,,703.81,-6.43,,04-23
787,600243,青海华鼎,,,2.72,,,200.48,31.81,,04-23
788,000669,金鸿能源,,,1.41,,,5.54,-76.38,,04-23
789,000700,模塑科技,,,2.98,,,913.86,-33.22,,04-23
790,600370,三房巷,,,4.37,,,1704.11,37.82,,04-23
791,000821,京山轻机,,,3.22,,,873.9,-19.64,,04-23
792,600963,岳阳林纸,,,5.4,,,1650.27,,,04-23
793,600567,山鹰纸业,,,3.25,,,782.92,1.47,,04-23
794,600812,华北制药,,,1.97,,,-1388.29,-141.18,,04-23
795,600353,旭光股份,,,4.08,,,-367.76,-218.04,,04-23
796,000012,南玻A,,,3.52,,,5377.54,-35.99,,04-23
797,000949,新乡化纤,,,2.69,,,1021.52,-75.08,,04-23
798,600486,扬农化工,,,3.83,,,1241.04,4.76,,04-23
799,600730,中国高科,,,1.9,,,324.49,-18.78,,04-23
800,600462,九有股份,,,4.48,,,384.33,8.41,,04-23
801,600606,绿地控股,,,4.37,,,540.4,81.34,,04-23
802,600781,辅仁药业,,,0.35,,,-358.03,-17.46,,04-23
803,000565,渝三峡A,,,2.09,,,-448.96,-900.41,,04-23
804,600833,第一医药,,,1.29,,,308.79,1.28,,04-23
805,600160,巨化股份,,,2.79,,,3696.41,8.31,,04-23
806,000656,金科股份,,,1.93,,,-72.4,0.15,,04-23
807,000046,泛海控股,,,3.78,,,1360.61,45.63,,04-23
808,000950,*ST建峰,,,1.25,,,-381.96,-85.99,,04-23
809,000021,深科技,,,3.73,,,7001.78,34.88,,04-23
810,600390,*ST金瑞,,,6.59,,,-1094.05,-350.26,,04-23
811,600859,王府井,,,4.1,,,3275.23,31.88,,04-23
812,600674,川投能源,,,1.99,,,871.57,-38.52,,04-23
813,600732,*ST新梅,,,1.91,,,3575.8,-586.3,,04-23
814,000963,华东医药,,,1.58,,,1842.12,24.86,,04-23
815,600216,浙江医药,,,1.44,,,974.84,199.96,,04-23
816,000066,长城电脑,,,3.28,,,10008.57,9.18,,04-23
817,600397,安源煤业,,,3.63,,,689.52,-17.25,,04-23
818,000613,大东海A,,,-0.15,,,-45.48,-63.47,,04-23
819,600990,四创电子,,,4.91,,,-195.67,,,04-23
820,600518,康美药业,,,4.96,,,1502.67,43.12,,04-23
821,600428,中远海特,,,4.21,,,16215.59,166.92,,04-23
822,600000,浦发银行,0.13,,3.58,,,51375.91,23.61,,04-23
823,600097,开创国际,,,1.39,,,157.12,6.03,,04-23
824,600250,南纺股份,,,3.13,,,869.55,-37.0,,04-23
825,600276,恒瑞医药,,,3.81,,,3981.4,28.64,,04-23
826,000009,中国宝安,,,1.25,0.54,,644.06,132.25,,04-23
827,600982,宁波热电,,,2.09,,,428.17,,,04-23
828,600897,厦门空港,,,4.52,,,2455.24,64.02,,04-23
829,600845,宝信软件,,,1.63,,,1564.66,99.02,,04-23
830,000536,华映科技,,,-0.11,,,95.38,-282.53,,04-23
831,600389,江山股份,,,2.92,,,1631.72,-1.59,,04-23
832,000507,珠海港,,,2.95,,,671.92,3.63,,04-23
833,600114,东睦股份,,,5.1,,,658.55,,,04-23
834,600735,新华锦,,,0.43,,,52.25,-117.18,,04-23
835,000501,鄂武商A,,,1.78,,,2726.88,192.53,,04-23
836,600289,亿阳信通,,,5.16,,,2150.94,87.35,,04-23
837,600312,平高电气,,,3.15,,,688.25,327.88,,04-23
838,000931,中关村,,,1.51,,,536.59,-121.3,,04-23
839,600517,置信电气,,,3.09,,,408.48,4.83,,04-23
840,600845,宝信软件,,,1.63,,,1564.66,99.02,,04-23
841,000536,华映科技,,,-0.11,,,95.38,-282.53,,04-23
842,000501,鄂武商A,,,1.78,,,2726.88,192.53,,04-23
843,600389,江山股份,,,2.92,,,1631.72,-1.59,,04-23
844,000507,珠海港,,,2.95,,,671.92,3.63,,04-23
845,600114,东睦股份,,,5.1,,,658.55,,,04-23
846,600735,新华锦,,,0.43,,,52.25,-117.18,,04-23
847,600289,亿阳信通,,,5.16,,,2150.94,87.35,,04-23
848,600312,平高电气,,,3.15,,,688.25,327.88,,04-23
849,000931,中关村,,,1.51,,,536.59,-121.3,,04-23
850,600517,置信电气,,,3.09,,,408.48,4.83,,04-23
851,600855,航天长峰,,,2.46,,,515.77,-2.87,,04-23
852,600070,浙江富润,,,3.85,,,417.41,25.31,,04-23
853,000520,长航凤凰,,,2.57,,,888.0,40.42,,04-23
854,000878,云南铜业,,,2.71,,,5625.66,140.83,,04-23
855,600561,江西长运,,,1.75,,,1407.71,7.04,,04-23
856,600783,鲁信创投,,,1.33,,,85.4,-116.27,,04-23
857,600053,九鼎投资,,,-0.68,,,1150.62,-154.2,,04-23
858,001896,豫能控股,,,1.78,,,-5878.31,-3299.28,,04-23
859,000920,南方汇通,,,2.15,,,-1238.71,-358.17,,04-23
860,600889,南京化纤,,,3.13,,,327.12,-83.87,,04-23
861,600823,世茂股份,,,2.16,,,2110.79,-440.89,,04-23
862,600613,神奇制药,,,1.09,,,158.33,-119.04,,04-23
863,600640,号百控股,,,2.64,,,-1453.27,-273.94,,04-23
864,600113,浙江东日,,,3.21,,,407.1,8.76,,04-23
865,600210,紫江企业,,,1.9,,,4431.61,-30.21,,04-23
866,600237,铜峰电子,,,2.82,,,1291.91,-33.24,,04-23
867,600311,荣华实业,,,5.55,,,873.3,-46.58,,04-23
868,000023,深天地A,,,1.67,,,-316.25,8.0,,04-23
869,600694,大商股份,,,6.93,,,6632.85,49.43,,04-23
870,600818,中路股份,,,0.92,,,1209.6,30.1,,04-23
871,000547,航天发展,,,3.75,,,1114.21,728.51,,04-23
872,600756,浪潮软件,,,3.15,,,95.13,-84.32,,04-23
873,600184,光电股份,,,3.92,,,17.37,-95.65,,04-22
874,000750,国海证券,,,2.18,,,-252.82,-468.12,,04-22
875,000671,阳光城,,,1.99,,,117.54,-13.5,,04-22
876,600293,三峡新材,,,2.73,,,292.29,-42.23,,04-22
877,000926,福星股份,,,3.6,,,5150.41,69.53,,04-22
878,600960,渤海活塞,,,5.32,,,1042.23,-9.13,,04-22
879,600810,神马股份,,,6.03,,,970.81,1.66,,04-22
880,600595,中孚实业,,,3.6,,,1663.66,-2.38,,04-22
881,600651,飞乐音响,,,1.78,,,880.96,-41.94,,04-22
882,002042,华孚色纺,,,2.41,2.98,,430.63,,,04-22
883,600692,亚通股份,,,2.01,,,485.63,-0.14,,04-22
884,000988,华工科技,,,2.32,,,1004.96,8.79,,04-22
885,000019,深深宝A,,,1.29,,,25.31,11.49,,04-22
886,000820,神雾节能,,,2.49,,,-164.81,-222.68,,04-22
887,600470,六国化工,,,3.33,,,1451.82,74.61,,04-22
888,600819,耀皮玻璃,,,2.81,,,4420.42,8.63,,04-22
889,600648,外高桥,,,1.84,,,809.15,261.27,,04-22
890,000762,西藏矿业,,,2.22,,,334.55,0.45,,04-22
891,600981,汇鸿集团,,,3.68,,,1065.8,,,04-22
892,600711,盛屯矿业,,,2.04,,,-70.33,-147.58,,04-22
893,600594,益佰制药,,,7.6,,,411.59,-8.76,,04-22
894,600660,福耀玻璃,,,1.9,,,9236.58,20.23,,04-22
895,600227,赤天化,,,5.49,,,4251.58,75.96,,04-22
896,002009,天奇股份,,,4.8,,,311.62,,,04-22
897,000026,飞亚达A,,,2.08,,,75.3,-65.76,,04-22
898,000006,深振业A,,,4.02,,,1584.55,-299.7,,04-22
899,000625,长安汽车,,,4.45,,,20158.4,-48.52,,04-22
900,000883,湖北能源,,,3.06,,,464.82,6.25,,04-22
901,600444,国机通用,,,3.68,,,344.07,61.47,,04-22
902,600083,博信股份,,,0.08,,,-341.76,-1168.47,,04-22
903,600099,林海股份,,,2.12,,,91.74,-34.88,,04-22
904,000159,国际实业,,,3.43,,,-367.92,-296.25,,04-22
905,000069,华侨城A,,,1.84,,,3201.99,-36.19,,04-22
906,600301,*ST南化,,,3.29,,,1560.7,3.41,,04-22
907,000027,深圳能源,,,3.45,,,14112.25,-14.06,,04-22
908,000760,斯太尔,,,1.46,0.78,,123.78,-150.56,,04-22
909,000628,高新发展,,,1.92,,,367.97,-3.83,,04-22
910,600458,时代新材,,,2.0,,,190.82,-85.07,,04-22
911,600059,古越龙山,,,5.22,,,1569.03,-3.06,,04-22
912,000537,广宇发展,,,1.2,,,942.23,-248.6,,04-22
913,000793,华闻传媒,,,1.39,,,1859.23,23.26,,04-22
914,000550,江铃汽车,,,3.0,,,8120.72,-38.48,,04-22
915,600697,欧亚集团,,,4.28,,,916.41,38.5,,04-22
916,000856,*ST冀装,,,2.13,,,-525.91,248.01,,04-22
917,600212,*ST江泉,,,4.08,,,641.47,-17.76,,04-22
918,000573,粤宏远A,,,3.08,,,245.35,-47.98,,04-22
919,000048,康达尔,,,0.13,,,110.58,-146.62,,04-22
920,000663,永安林业,,,1.97,,,154.39,-10.07,,04-22
921,000050,深天马A,,,2.88,,,1155.54,4.23,,04-22
922,000032,深桑达A,,,3.03,,,1369.46,-20.02,,04-22
923,000877,天山股份,,,2.42,,,-5616.92,105.12,,04-22
924,600636,三爱富,,,2.41,,,3105.33,37.9,,04-22
925,600282,南钢股份,,,5.59,,,15784.1,-30.88,,04-22
926,600022,山东钢铁,,,4.05,,,36446.8,,,04-22
927,000952,广济药业,,,3.07,,,210.96,9.61,,04-22
928,600456,宝钛股份,,,3.45,,,2936.88,29.1,,04-22
929,000953,河池化工,,,1.26,,,929.93,117.44,,04-22
930,600653,申华控股,,,1.16,,,-1569.18,-2532.98,,04-22
931,600616,金枫酒业,,,1.84,,,5736.13,50.42,,04-22
932,600063,皖维高新,,,2.63,,,853.88,-23.46,,04-22
933,000783,长江证券,,,1.32,,,-9233.8,-377.3,,04-22
934,000417,合肥百货,,,3.61,,,835.59,-29.32,,04-22
935,600333,长春燃气,,,2.77,,,4142.95,-28.95,,04-22
936,600546,*ST山煤,,,5.39,,,664.66,-15.08,,04-22
937,600750,江中药业,,,4.6,,,1188.18,42.92,,04-22
938,000581,威孚高科,,,5.27,,,9655.37,22.0,,04-22
939,600705,中航资本,,,1.59,,,-1972.81,-240.46,,04-22
940,600892,大晟文化,,,-0.5,,,-8.37,-97.75,,04-22
941,000010,美丽生态,,,1.01,,,-694.29,-2557.33,,04-22
942,000813,德展健康,,,0.75,,,235.72,-117.5,,04-22
943,600983,惠而浦,,,1.57,,,1345.06,,,04-22
944,600572,康恩贝,,,3.86,,,1213.1,0.86,,04-22
945,600809,山西汾酒,,,2.15,,,4989.68,69.71,,04-22
946,000673,当代东方,,,1.75,,,18.55,-79.4,,04-22
947,000568,泸州老窖,,,1.88,,,5283.52,3.22,,04-22
948,002035,华帝股份,,,3.7,,,204.14,,,04-22
949,600229,城市传媒,,,3.0,,,1354.1,29.37,,04-22
950,000678,襄阳轴承,,,2.55,1.68,,594.31,1113.51,,04-22
951,000859,国风塑业,,,2.38,,,74.57,9.36,,04-22
952,600488,天药股份,,,3.71,,,2032.15,-22.05,,04-22
953,000552,靖远煤电,,,0.36,,,109.69,-116.9,,04-22
954,000701,厦门信达,,,2.61,,,714.56,-21.42,,04-22
955,600378,天科股份,,,2.06,,,423.86,24.16,,04-22
956,600511,国药股份,,,3.58,,,1824.06,45.51,,04-22
957,600531,豫光金铅,,,2.95,,,2256.03,-28.22,,04-22
958,600683,京投发展,,,2.04,,,2282.18,120.02,,04-22
959,600856,中天能源,,,1.89,,,371.68,-303.16,,04-22
960,000793,华闻传媒,,,1.39,,,1859.23,23.26,,04-22
961,000550,江铃汽车,,,3.0,,,8120.72,-38.48,,04-22
962,600697,欧亚集团,,,4.28,,,916.41,38.5,,04-22
963,600212,*ST江泉,,,4.08,,,641.47,-17.76,,04-22
964,000573,粤宏远A,,,3.08,,,245.35,-47.98,,04-22
965,000048,康达尔,,,0.13,,,110.58,-146.62,,04-22
966,000856,*ST冀装,,,2.13,,,-525.91,248.01,,04-22
967,600636,三爱富,,,2.41,,,3105.33,37.9,,04-22
968,000663,永安林业,,,1.97,,,154.39,-10.07,,04-22
969,000050,深天马A,,,2.88,,,1155.54,4.23,,04-22
970,000032,深桑达A,,,3.03,,,1369.46,-20.02,,04-22
971,000877,天山股份,,,2.42,,,-5616.92,105.12,,04-22
972,000610,西安旅游,,,2.19,,,164.35,-61.36,,04-21
973,000825,太钢不锈,,,4.0,,,28449.01,25.63,,04-21
974,600992,贵绳股份,,,4.42,,,1031.07,,,04-21
975,000608,阳光股份,,,2.38,,,3304.2,284.66,,04-21
976,000532,力合股份,,,1.48,,,277.27,-65.92,,04-21
977,600816,安信信托,0.0,,1.06,,,145.27,-49.04,,04-21
978,000521,美菱电器,,,2.09,,,924.59,7.06,,04-21
979,000792,盐湖股份,,,1.85,,,5504.34,185.3,,04-21
980,000590,启迪古汉,,,1.32,,,106.34,-133.34,,04-21
981,600491,龙元建设,,,6.32,,,3257.61,,,04-21
982,000530,大冷股份,,,3.92,,,1873.51,27.08,,04-21
983,600306,*ST商城,,,2.64,,,556.92,1.43,,04-21
984,000910,大亚圣象,,,4.4,,,1240.09,0.52,,04-21
985,600628,新世界,,,3.47,,,2718.73,13.79,,04-21
986,000055,方大集团,,,1.61,,,192.55,-32.69,,04-21
987,000933,*ST神火,,,6.18,,,11103.14,110.31,,04-21
988,600366,宁波韵升,,,2.42,,,1253.12,44.89,,04-21
989,000962,*ST东钽,,,3.14,,,879.43,28.68,,04-21
990,000899,赣能股份,,,2.69,,,1566.25,-48.96,,04-21
991,000150,宜华健康,-0.01,,1.71,,,-198.9,-3269.01,,04-21
992,000751,锌业股份,,,3.17,,,2696.78,13.77,,04-21
993,000972,中基健康,,,4.55,,,1218.52,1009.57,,04-21
994,000911,南宁糖业,,,3.73,,,508.87,-84.01,,04-21
995,000425,徐工机械,,,2.17,,,-3574.79,-383.32,,04-21
996,000589,黔轮胎A,,,3.96,,,544.7,19.3,,04-21
997,000895,双汇发展,,,2.96,,,8457.65,10.3,,04-21
998,000560,昆百大A,,,-0.32,,,1406.81,36.21,,04-21
999,000810,创维数字,,,1.56,,,301.57,1109.99,,04-21
1000,000564,西安民生,,,2.9,,,456.14,-10.23,,04-21
1001,000789,万年青,,,1.95,,,-3045.43,-340.85,,04-21
1002,000576,广东甘化,,,2.9,,,-676.74,-393.65,,04-21
1003,000685,中山公用,,,1.48,,,221.07,4.12,,04-21
1004,000978,桂林旅游,,,2.32,,,61.47,15.28,,04-21
1005,600551,时代出版,,,1.57,,,8.33,260.0,,04-21
1006,000779,三毛派神,,,2.25,,,30.4,-90.73,,04-21
1007,600525,长园集团,,,3.59,,,1103.5,-6.56,,04-21
1008,000756,新华制药,,,2.95,,,894.93,-49.15,,04-21
1009,600814,杭州解百,,,1.71,,,603.52,90.03,,04-21
1010,000519,中兵红箭,,,2.33,,,-515.46,-356.9,,04-21
1011,000967,盈峰环境,,,3.11,,,-340.41,-334.44,,04-21
1012,000975,银泰资源,,,1.65,,,1648.56,12.91,,04-21
1013,600663,陆家嘴,,,3.23,,,1828.56,-88.66,,04-21
1014,600156,华升股份,,,1.89,,,293.93,-138.27,,04-21
1015,000713,丰乐种业,,,1.93,,,1141.08,15.52,,04-21
1016,000798,中水渔业,,,3.13,,,37.92,-63.72,,04-20
1017,600463,空港股份,,,3.27,,,499.13,18.98,,04-20
1018,600495,晋西车轴,,,3.71,,,415.43,,,04-20
1019,000551,创元科技,,,2.41,,,869.66,-15.09,,04-20
1020,600993,马应龙,,,10.61,,,1471.24,,,04-20
1021,000900,现代投资,,,6.73,,,5877.35,41.82,,04-20
1022,000060,中金岭南,,,2.82,,,5578.23,113.71,,04-20
1023,000011,深物业A,,,1.05,,,12.94,9.6,,04-20
1024,000723,美锦能源,,,1.94,,,284.34,-10.99,,04-20
1025,000816,智慧农业,,,3.24,,,886.03,20.41,,04-20
1026,000559,万向钱潮,,,2.19,,,4335.09,12.31,,04-20
1027,000897,津滨发展,,,1.39,,,400.02,102.66,,04-20
1028,000780,平庄能源,,,4.79,,,868.94,-6.26,,04-20
1029,000861,海印股份,,,1.93,,,240.57,123.59,,04-20
1030,600578,京能电力,,,2.69,,,4223.17,-9.67,,04-20
1031,600105,永鼎股份,,,3.67,,,1072.98,-4.49,,04-20
1032,600143,金发科技,,,4.93,,,3522.72,,,04-20
1033,600236,桂冠电力,,,4.36,,,150.36,-80.67,,04-20
1034,600055,万东医疗,,,2.96,,,289.22,7.28,,04-20
1035,600010,包钢股份,,,4.14,,,26203.49,124.75,,04-20
1036,600187,国中水务,,,-0.8,,,-1815.57,17.98,,04-20
1037,000548,湖南投资,,,3.43,,,402.55,-52.9,,04-20
1038,000881,大连国际,,,2.43,,,846.88,85.52,,04-20
1039,600371,万向德农,,,1.83,,,544.95,-28.08,,04-20
1040,000729,燕京啤酒,,,6.27,,,1355.92,0.8,,04-20
1041,002034,美欣达,,,6.2,,,402.55,,,04-20
1042,600850,华东电脑,,,1.17,,,-487.31,79.93,,04-20
1043,600785,新华百货,,,5.52,,,2242.43,18.29,,04-20
1044,000571,新大洲A,,,1.18,,,62.74,-64.08,,04-20
1045,600769,祥龙电业,,,2.21,,,323.59,15.36,,04-20
1046,000062,深圳华强,,,4.58,,,969.62,-28.34,,04-20
1047,000869,张裕A,,,4.56,,,10857.77,43.43,,04-20
1048,000803,金宇车城,,,1.72,,,54.56,-128.84,,04-20
1049,000951,中国重汽,,,1.7,,,4043.96,24.9,,04-20
1050,600864,哈投股份,,,3.16,,,263.2,-23.83,,04-20
1051,000099,中信海直,,,2.31,,,1237.9,-27.77,,04-20
1052,000915,山大华特,,,1.69,,,-246.98,-40.83,,04-20
1053,600398,海澜之家,,,4.37,,,3380.02,28.66,,04-20
1054,600479,千金药业,,,11.45,,,1068.32,14.3,,04-20
1055,600708,光明地产,,,1.85,,,1989.16,28.94,,04-20
1056,000728,国元证券,,,3.07,,,-1402.2,-164.86,,04-20
1057,000829,天音控股,,,1.59,,,1630.1,-11.69,,04-20
1058,000502,绿景控股,,,1.8,,,389.91,45.54,,04-20
1059,600251,冠农股份,,,2.2,,,1449.9,1616.88,,04-20
1060,002010,传化智联,,,4.87,,,1000.48,,,04-20
1061,000966,长源电力,,,2.39,,,-1684.54,-157.5,,04-20
1062,000558,莱茵体育,,,1.26,,,106.64,-116.53,,04-20
1063,600868,梅雁吉祥,,,2.22,,,195.88,-94.79,,04-20
1064,600865,百大集团,,,2.61,,,1204.94,24.69,,04-20
1065,000587,金洲慈航,,,1.42,,,21.41,-121.17,,04-20
1066,600026,中远海能,,,2.81,,,82964.7,101.53,,04-20
1067,000997,新大陆,,,3.09,,,1624.12,39.46,,04-20
1068,000421,南京公用,,,1.85,,,429.98,26.31,,04-20
1069,000045,深纺织A,,,1.39,,,259.78,-15.53,,04-20
1070,000929,兰州黄河,,,2.05,,,66.21,832.41,,04-20
1071,600965,福成股份,,,1.96,,,694.4,,,04-20
1072,600533,栖霞建设,,,4.16,,,3521.06,53.01,,04-20
1073,000697,炼石有色,,,3.39,,,23.17,-94.47,,04-20
1074,000534,万泽股份,,,2.61,,,-635.09,234.76,,04-20
1075,000025,特力A,,,0.98,,,-54.59,-69.21,,04-20
1076,000798,中水渔业,,,3.13,,,37.92,-63.72,,04-20
1077,600463,空港股份,,,3.27,,,499.13,18.98,,04-20
1078,600495,晋西车轴,,,3.71,,,415.43,,,04-20
1079,000551,创元科技,,,2.41,,,869.66,-15.09,,04-20
1080,000400,许继电气,,,4.87,,,1545.33,-12.14,,04-20
1081,000584,友利控股,,,1.16,,,444.28,-20.61,,04-20
1082,000616,海航投资,,,2.46,,,2012.61,-57.44,,04-20
1083,600993,马应龙,,,10.61,,,1471.24,,,04-20
1084,000900,现代投资,,,6.73,,,5877.35,41.82,,04-20
1085,600146,商赢环球,,,1.61,,,121.78,-135.24,,04-20
1086,000060,中金岭南,,,2.82,,,5578.23,113.71,,04-20
1087,000011,深物业A,,,1.05,,,12.94,9.6,,04-20
1088,000723,美锦能源,,,1.94,,,284.34,-10.99,,04-20
1089,000816,智慧农业,,,3.24,,,886.03,20.41,,04-20
1090,000559,万向钱潮,,,2.19,,,4335.09,12.31,,04-20
1091,000897,津滨发展,,,1.39,,,400.02,102.66,,04-20
1092,000780,平庄能源,,,4.79,,,868.94,-6.26,,04-20
1093,000861,海印股份,,,1.93,,,240.57,123.59,,04-20
1094,600578,京能电力,,,2.69,,,4223.17,-9.67,,04-20
1095,600105,永鼎股份,,,3.67,,,1072.98,-4.49,,04-20
1096,000401,冀东水泥,,,2.22,,,-906.39,-174.38,,04-19
1097,600501,航天晨光,,,2.68,,,436.82,16.24,,04-19
1098,000823,超声电子,,,2.43,,,306.21,-69.59,,04-19
1099,000065,北方国际,,,2.63,,,330.75,44.09,,04-19
1100,002016,世荣兆业,,,4.61,,,97.82,,,04-19
1101,000635,英力特,,,1.62,,,1055.81,17.83,,04-19
1102,600331,宏达股份,,,2.11,,,5529.82,1619.37,,04-19
1103,000819,岳阳兴长,,,2.5,,,847.73,38.29,,04-19
1104,600986,科达股份,,,3.87,,,568.06,-5.79,,04-19
1105,000898,鞍钢股份,,,3.62,,,60390.4,114.99,,04-19
1106,000720,新能泰山,,,1.58,,,191.01,-84.14,,04-19
1107,000965,天保基建,,,2.68,,,-146.96,33.25,,04-19
1108,000912,泸天化,,,3.23,,,8084.65,37.74,,04-19
1109,000939,凯迪生态,,,2.62,,,2149.41,9.14,,04-19
1110,600577,精达股份,,,3.02,,,1066.38,40.6,,04-19
1111,600015,华夏银行,0.07,,2.36,,,31207.33,16.91,,04-19
1112,002025,航天电器,,,3.86,,,1543.04,,,04-19
1113,000402,金融街,,,4.33,,,547.96,-93.68,,04-19
1114,000657,中钨高新,,,3.55,,,189.13,-67.66,,04-19
1115,000703,恒逸石化,,,1.93,,,73.39,-87.76,,04-19
1116,000786,北新建材,,,2.42,,,1555.45,40.37,,04-19
1117,002011,盾安环境,,,5.56,,,156.61,,,04-19
1118,600066,宇通客车,,,5.47,,,2787.11,34.94,,04-19
1119,600141,兴发集团,,,3.1,,,348.61,6.16,,04-19
1120,000037,*ST南电A,,,3.36,,,6756.95,-15.28,,04-19
1121,000759,中百集团,,,3.97,,,1356.35,47.73,,04-19
1122,600535,天士力,,,4.3,,,2546.25,14.51,,04-19
1123,000831,*ST五稀,,,2.94,,,976.74,-43.33,,04-19
1124,000987,越秀金控,,,2.99,,,3160.8,126.94,,04-19
1125,000913,*ST钱江,,,2.57,,,2633.53,12.64,,04-19
1126,600438,通威股份,,,3.74,,,312.12,-131.48,,04-19
1127,600575,皖江物流,,,4.23,,,1222.37,47.37,,04-19
1128,000705,浙江震元,,,3.61,,,131.33,-33.13,,04-19
1129,600467,好当家,,,3.62,,,984.26,42.7,,04-19
1130,600615,丰华股份,,,1.36,,,91.27,-150.39,,04-19
1131,000488,晨鸣纸业,,,5.62,,,17085.97,27.35,,04-19
1132,600199,金种子酒,,,1.85,,,383.68,5.45,,04-19
1133,000860,顺鑫农业,,,4.29,,,2550.07,28.88,,04-19
1134,000809,铁岭新城,,,1.11,,,172.08,135.66,,04-19
1135,000837,秦川机床,,,2.62,,,724.14,14.62,,04-19
1136,600352,浙江龙盛,,,2.03,,,3645.66,14.53,,04-19
1137,000715,中兴商业,,,3.31,,,2775.95,26.74,,04-19
1138,000795,英洛华,,,2.79,,,66.24,-37.05,,04-19
1139,000510,金路集团,,,1.71,,,3015.16,-19.2,,04-19
1140,002025,航天电器,,,3.86,,,1543.04,,,04-19
1141,000720,新能泰山,,,1.58,,,191.01,-84.14,,04-19
1142,000965,天保基建,,,2.68,,,-146.96,33.25,,04-19
1143,000912,泸天化,,,3.23,,,8084.65,37.74,,04-19
1144,000939,凯迪生态,,,2.62,,,2149.41,9.14,,04-19
1145,600577,精达股份,,,3.02,,,1066.38,40.6,,04-19
1146,600015,华夏银行,0.07,,2.36,,,31207.33,16.91,,04-19
1147,000402,金融街,,,4.33,,,547.96,-93.68,,04-19
1148,000657,中钨高新,,,3.55,,,189.13,-67.66,,04-19
1149,000703,恒逸石化,,,1.93,,,73.39,-87.76,,04-19
1150,000786,北新建材,,,2.42,,,1555.45,40.37,,04-19
1151,002011,盾安环境,,,5.56,,,156.61,,,04-19
1152,600066,宇通客车,,,5.47,,,2787.11,34.94,,04-19
1153,600141,兴发集团,,,3.1,,,348.61,6.16,,04-19
1154,000037,*ST南电A,,,3.36,,,6756.95,-15.28,,04-19
1155,000759,中百集团,,,3.97,,,1356.35,47.73,,04-19
1156,600535,天士力,,,4.3,,,2546.25,14.51,,04-19
1157,000831,*ST五稀,,,2.94,,,976.74,-43.33,,04-19
1158,000987,越秀金控,,,2.99,,,3160.8,126.94,,04-19
1159,000913,*ST钱江,,,2.57,,,2633.53,12.64,,04-19
1160,600438,通威股份,,,3.74,,,312.12,-131.48,,04-19
1161,600575,皖江物流,,,4.23,,,1222.37,47.37,,04-19
1162,000488,晨鸣纸业,,,5.62,,,17085.97,27.35,,04-19
1163,000705,浙江震元,,,3.61,,,131.33,-33.13,,04-19
1164,600467,好当家,,,3.62,,,984.26,42.7,,04-19
1165,600615,丰华股份,,,1.36,,,91.27,-150.39,,04-19
1166,000541,佛山照明,,,6.46,,,5986.26,0.55,,04-18
1167,000922,佳电股份,,,1.83,,,-396.2,-224.64,,04-18
1168,600011,华能国际,,,3.15,,,78869.43,-43.82,,04-18
1169,600107,美尔雅,,,1.03,,,114.12,41.37,,04-18
1170,000905,厦门港务,,,3.96,,,3313.85,42.62,,04-18
1171,600522,中天科技,,,2.8,,,390.6,155.57,,04-18
1172,000662,天夏智慧,,,2.15,,,1807.61,4.25,,04-18
1173,000889,茂业通信,,,2.62,,,502.2,-32.58,,04-18
1174,000557,西部创业,,,-1.85,,,-838.95,57.57,,04-18
1175,002040,南京港,,,3.31,,,1855.23,,,04-18
1176,000995,*ST皇台,,,2.22,,,170.12,41.66,,04-18
1177,600803,新奥股份,,,2.55,,,39.67,-106.64,,04-18
1178,000595,宝塔实业,,,2.04,,,11.8,-88.03,,04-18
1179,000958,东方能源,,,3.71,,,1258.38,-61.44,,04-18
1180,000554,泰山石油,,,1.7,,,1317.35,291.31,,04-18
1181,000617,石油济柴,,,2.25,,,2589.5,22.62,,04-18
1182,600839,四川长虹,,,4.45,,,17354.82,431.89,,04-18
1183,600182,S佳通,,,0.92,,,1300.32,-181.76,,04-18
1184,000851,高鸿股份,,,1.0,,,-472.2,36.77,,04-18
1185,000666,经纬纺机,,,4.28,,,3322.62,3.82,,04-18
1186,000916,华北高速,,,2.84,,,4664.14,7.86,,04-18
1187,000695,滨海能源,,,1.43,,,1008.37,-12.12,,04-16
1188,000650,仁和药业,,,0.81,,,-613.21,-1070.47,,04-16
1189,000980,金马股份,,,2.64,,,135.99,809.95,,04-16
1190,600297,广汇汽车,,,4.96,,,728.02,230.32,,04-16
1191,000692,惠天热电,,,3.78,,,-3763.66,-545.3,,04-16
1192,000993,闽东电力,,,3.87,,,234.27,-125.19,,04-16
1193,600873,梅花生物,,,1.66,,,154.58,-52.11,,04-16
1194,000605,渤海股份,,,1.71,,,15.07,-93.93,,04-16
1195,000155,*ST川化,,,3.11,,,1592.56,-309.93,,04-16
1196,000629,*ST钒钛,,,5.97,3.96,,30281.04,41.74,,04-16
1197,000959,首钢股份,,,2.82,,,28418.45,4.99,,04-16
1198,000068,华控赛格,,,2.73,,,7491.16,151.22,,04-16
1199,000504,*ST生物,,,1.41,,,120.81,-47.06,,04-16
1200,000711,京蓝科技,,,3.29,,,122.33,-64.79,,04-16
1201,600409,三友化工,,,3.33,,,5410.46,87.24,,04-16
1202,600478,科力远,,,2.5,,,-291.85,-198.86,,04-16
1203,600203,福日电子,,,2.09,,,5423.67,115.04,,04-16
1204,600240,华业资本,,,3.4,,,115.29,-188.1,,04-16
1205,000835,长城动漫,,,1.75,,,155.12,-735.14,,04-16
1206,000659,珠海中富,,,2.72,,,2948.01,-24.29,,04-16
1207,000611,*ST天首,,,1.85,,,275.74,-24.55,,04-16
1208,600157,永泰能源,,,1.94,,,1030.75,4.26,,04-16
1209,000695,滨海能源,,,1.43,,,1008.37,-12.12,,04-16
1210,000650,仁和药业,,,0.81,,,-613.21,-1070.47,,04-16
1211,000980,金马股份,,,2.64,,,135.99,809.95,,04-16
1212,600297,广汇汽车,,,4.96,,,728.02,230.32,,04-16
1213,000692,惠天热电,,,3.78,,,-3763.66,-545.3,,04-16
1214,000993,闽东电力,,,3.87,,,234.27,-125.19,,04-16
1215,600873,梅花生物,,,1.66,,,154.58,-52.11,,04-16
1216,000605,渤海股份,,,1.71,,,15.07,-93.93,,04-16
1217,600133,东湖高新,,,2.84,,,599.65,8.42,,04-16
1218,600725,*ST云维,,,2.45,,,645.85,-132.02,,04-16
1219,000155,*ST川化,,,3.11,,,1592.56,-309.93,,04-16
1220,000629,*ST钒钛,,,5.97,3.96,,30281.04,41.74,,04-16
1221,000959,首钢股份,,,2.82,,,28418.45,4.99,,04-16
1222,000068,华控赛格,,,2.73,,,7491.16,151.22,,04-16
1223,000504,*ST生物,,,1.41,,,120.81,-47.06,,04-16
1224,600693,东百集团,,,3.08,,,1040.06,45.67,,04-16
1225,000983,西山煤电,,,4.75,,,24495.17,101.94,,04-15
1226,600967,北方创业,,,3.73,,,-1050.55,,,04-15
1227,600348,阳泉煤业,,,4.87,,,11232.17,139.91,,04-15
1228,000828,东莞控股,,,2.04,,,5335.59,46.07,,04-15
1229,000936,华西股份,,,2.34,,,989.19,-47.53,,04-15
1230,600673,东阳光科,,,1.89,,,880.98,1.56,,04-15
1231,000627,天茂集团,,,1.1,,,406.27,-169.83,,04-15
1232,000710,天兴仪表,,,0.75,,,17.06,-8.1,,04-15
1233,000623,吉林敖东,,,3.97,,,4457.26,27.27,,04-15
1234,000935,四川双马,,,1.52,1.06,,513.19,-172.8,,04-15
1235,000511,*ST烯碳,,,4.24,,,2110.27,241.03,,04-15
1236,000599,青岛双星,,,3.69,,,1536.06,39.74,,04-15
1237,002033,丽江旅游,,,2.7,,,467.28,,,04-15
1238,600507,方大特钢,,,4.85,,,1935.57,14.99,,04-15
1239,000514,渝开发,,,1.48,,,56.76,-75.88,,04-15
1240,000990,诚志股份,,,4.52,,,603.73,-26.94,,04-15
1241,000157,中联重科,,,2.94,,,7064.53,-33.86,,04-15
1242,000059,华锦股份,,,2.24,,,6585.82,227.85,,04-15
1243,600123,兰花科创,,,3.75,,,10587.91,81.13,,04-15
1244,000049,德赛电池,,,1.04,,,480.47,-262.04,,04-15
1245,000807,云铝股份,,,3.1,,,2429.47,-13.66,,04-15
1246,600408,安泰集团,,,2.49,,,8212.16,110.48,,04-15
1247,000998,隆平高科,,,7.98,,,685.44,5.93,,04-15
1248,000811,烟台冰轮,,,2.34,,,678.69,-1.19,,04-15
1249,000404,华意压缩,,,2.04,,,6.01,-100.47,,04-15
1250,000903,云内动力,,,4.7,,,1588.71,-26.78,,04-15
1251,600423,柳化股份,,,3.53,,,2123.17,62.49,,04-15
1252,600971,恒源煤电,,,6.78,,,4762.46,,,04-15
1253,000822,山东海化,,,4.6,,,8012.54,101.86,,04-15
1254,000726,鲁泰A,,,3.94,,,8004.86,8.1,,04-15
1255,000969,安泰科技,,,5.04,,,1348.12,-34.2,,04-15
1256,600573,惠泉啤酒,,,3.66,,,-508.69,-82.63,,04-15
1257,000982,中银绒业,,,2.57,,,-733.51,112.59,,04-15
1258,000761,本钢板材,,,4.49,,,19482.44,88.39,,04-15
1259,000788,北大医药,,,1.08,,,141.04,-34.65,,04-15
1260,000513,丽珠集团,,,3.83,,,3225.11,-38.7,,04-15
1261,000790,泰合健康,,,3.05,,,49.94,-78.53,,04-15
1262,000983,西山煤电,,,4.75,,,24495.17,101.94,,04-15
1263,600967,北方创业,,,3.73,,,-1050.55,,,04-15
1264,000960,锡业股份,,,3.04,,,9938.6,189.96,,04-14
1265,600383,金地集团,,,6.7,,,5391.09,206.86,,04-14
1266,000902,新洋丰,,,1.59,,,41.54,-25.68,,04-14
1267,000778,新兴铸管,,,5.83,,,18597.02,18.25,,04-14
1268,600598,北大荒,,,2.81,,,11803.22,6.9,,04-14
1269,000410,沈阳机床,,,2.52,,,1196.6,206.55,,04-14
1270,000630,铜陵有色,,,3.77,,,13555.01,68.15,,04-14
1271,000707,双环科技,,,3.47,,,1132.29,181.26,,04-14
1272,600418,江淮汽车,,,3.96,,,11552.33,79.26,,04-14
1273,000731,四川美丰,,,4.29,,,5293.28,80.39,,04-13
1274,000957,中通客车,,,1.92,,,126.75,21.28,,04-13
1275,000833,贵糖股份,,,2.43,,,474.39,13.77,,04-13
1276,000600,建投能源,,,2.37,,,-451.93,-138.09,,04-13
1277,600281,太化股份,,,3.16,,,1754.56,49.66,,04-13
1278,600037,歌华有线,,,5.66,,,3945.39,29.07,,04-13
1279,600976,健民集团,,,8.86,,,387.32,-32.35,,04-12
1280,000686,东北证券,,,2.84,,,467.69,27.27,,04-12
1281,600219,南山铝业,,,6.5,,,3142.75,0.33,,04-12
1282,600362,江西铜业,,,2.46,,,46562.2,40.68,,04-12
1283,000989,九芝堂,,,4.42,,,1436.3,-24.05,,04-12
1284,600309,万华化学,,,2.22,,,15664.34,61.01,,04-12
1285,600231,凌钢股份,,,4.56,,,15348.19,15.97,,04-12
1286,000888,峨眉山A,,,4.17,,,-522.54,89.01,,04-12
1287,000545,金浦钛业,,,1.2,,,-249.02,-692.07,,04-12
1288,600406,国电南瑞,,,3.18,,,578.98,48.85,,04-12
1289,000619,海螺型材,,,3.63,,,2162.9,331.15,,04-12
1290,000776,广发证券,,,1.13,,,226.01,-266.8,,04-12
1291,000420,吉林化纤,,,3.11,,,1016.14,-58.98,,04-12
1292,000799,酒鬼酒,,,3.58,,,343.17,-83.85,,04-12
1293,600521,华海药业,,,4.53,,,3099.51,8.88,,04-11
1294,600320,振华重工,,,3.52,,,15473.45,102.2,,04-09
1295,000836,鑫茂科技,,,4.74,,,-914.44,1298.96,,04-09
1296,000423,东阿阿胶,,,2.52,,,2975.7,20.73,,04-08
1297,600155,宝硕股份,,,2.23,,,2013.44,110.72,,04-07
1298,000667,美好置业,,,2.33,,,2857.46,171.47,,04-06
1299,601788,光大证券,,,,,,-1354.0,,,03-31
1300,601211,国泰君安,,,,,,-0.57,,,03-31
1301,600999,招商证券,,,,,,39.0,,,03-31
1302,600958,东方证券,,,,,,-1802.9,,,03-31
1303,002736,国信证券,,,,,,-3373.0,,,03-31
